Position	Coverage
1	0
2	0
3	0
4	0
5	0
6	0
7	0
8	2
9	2
10	3
11	83
12	87
13	181
14	208
15	213
16	229
17	232
18	235
19	240
20	247
21	256
22	260
23	262
24	267
25	271
26	271
27	272
28	277
29	279
30	279
31	279
32	292
33	292
34	297
35	312
36	315
37	323
38	325
39	326
40	326
41	326
42	334
43	335
44	335
45	336
46	337
47	339
48	340
49	340
50	342
51	343
52	345
53	345
54	350
55	350
56	350
57	353
58	353
59	355
60	355
61	360
62	360
63	361
64	362
65	362
66	363
67	363
68	364
69	365
70	365
71	365
72	366
73	366
74	368
75	368
76	384
77	388
78	388
79	388
80	391
81	394
82	394
83	401
84	416
85	419
86	422
87	446
88	449
89	449
90	454
91	455
92	462
93	462
94	475
95	477
96	492
97	520
98	521
99	522
100	531
101	538
102	556
103	568
104	568
105	568
106	568
107	575
108	584
109	588
110	611
111	613
112	619
113	624
114	628
115	633
116	639
117	648
118	648
119	652
120	654
121	662
122	670
123	694
124	697
125	697
126	703
127	711
128	732
129	739
130	742
131	756
132	760
133	760
134	761
135	761
136	763
137	777
138	779
139	779
140	779
141	784
142	795
143	797
144	797
145	797
146	798
147	812
148	814
149	819
150	820
151	822
152	822
153	836
154	848
155	854
156	853
157	776
158	773
159	681
160	658
161	652
162	640
163	638
164	637
165	635
166	629
167	643
168	647
169	652
170	649
171	645
172	646
173	647
174	643
175	646
176	650
177	650
178	637
179	645
180	647
181	637
182	634
183	626
184	624
185	624
186	631
187	638
188	637
189	641
190	642
191	643
192	642
193	648
194	662
195	665
196	666
197	674
198	676
199	710
200	710
201	710
202	714
203	711
204	720
205	719
206	721
207	716
208	716
209	717
210	718
211	728
212	731
213	731
214	732
215	731
216	738
217	741
218	740
219	742
220	742
221	754
222	752
223	757
224	766
225	766
226	766
227	772
228	772
229	769
230	768
231	781
232	776
233	760
234	757
235	810
236	809
237	823
238	821
239	822
240	809
241	807
242	798
243	791
244	802
245	807
246	799
247	817
248	799
249	795
250	799
251	803
252	828
253	832
254	836
255	859
256	837
257	838
258	842
259	837
260	839
261	837
262	845
263	846
264	860
265	881
266	879
267	877
268	895
269	890
270	932
271	931
272	928
273	988
274	984
275	976
276	959
277	971
278	972
279	975
280	983
281	985
282	986
283	991
284	1006
285	999
286	998
287	1001
288	1008
289	1007
290	1010
291	1017
292	1024
293	1034
294	1033
295	1023
296	1024
297	1020
298	1022
299	1026
300	1028
301	1021
302	1009
303	1011
304	1015
305	1015
306	1021
307	1020
308	1019
309	1020
310	1025
311	1027
312	1027
313	1024
314	1024
315	1001
316	1002
317	1005
318	1021
319	1024
320	1023
321	1022
322	1024
323	1020
324	1017
325	1018
326	1026
327	1018
328	1012
329	1007
330	1009
331	1013
332	1013
333	1012
334	1006
335	1000
336	996
337	994
338	995
339	994
340	1041
341	1055
342	1042
343	1041
344	1045
345	1036
346	1038
347	1006
348	1053
349	1054
350	1050
351	1052
352	1050
353	1053
354	1054
355	1054
356	1054
357	1052
358	1056
359	1063
360	1076
361	1085
362	1092
363	1100
364	1115
365	1127
366	1143
367	1151
368	1153
369	1167
370	1154
371	1162
372	1158
373	1159
374	1167
375	1163
376	1172
377	1177
378	1174
379	1163
380	1171
381	1171
382	1184
383	1147
384	1155
385	1146
386	1147
387	1152
388	1165
389	1168
390	1165
391	1143
392	1134
393	1134
394	1135
395	1116
396	1121
397	1122
398	1145
399	1147
400	1123
401	1126
402	1116
403	1091
404	1093
405	1090
406	1082
407	1080
408	1079
409	1066
410	1069
411	1064
412	1060
413	1040
414	1040
415	1028
416	1026
417	982
418	969
419	977
420	927
421	947
422	952
423	958
424	940
425	942
426	940
427	932
428	942
429	940
430	946
431	937
432	934
433	936
434	939
435	937
436	937
437	933
438	926
439	928
440	921
441	924
442	925
443	929
444	931
445	928
446	922
447	922
448	953
449	954
450	954
451	951
452	954
453	963
454	976
455	986
456	985
457	982
458	980
459	978
460	984
461	1004
462	1005
463	997
464	989
465	974
466	973
467	973
468	973
469	982
470	985
471	988
472	987
473	992
474	994
475	998
476	1007
477	1027
478	1042
479	1065
480	1100
481	1099
482	1098
483	1103
484	1115
485	1145
486	1145
487	1105
488	1085
489	1120
490	1184
491	1190
492	1209
493	1204
494	1208
495	1171
496	1174
497	1178
498	1176
499	1169
500	1168
501	1167
502	1169
503	1176
504	1180
505	1178
506	1168
507	1157
508	1156
509	1147
510	1142
511	1123
512	1110
513	1105
514	1097
515	1108
516	1082
517	1083
518	1077
519	1080
520	1082
521	1076
522	1076
523	1068
524	1079
525	1079
526	1100
527	1104
528	1100
529	1112
530	1103
531	1095
532	1092
533	1110
534	1120
535	1183
536	1185
537	1191
538	1207
539	1210
540	1213
541	1215
542	1217
543	1216
544	1210
545	1194
546	1188
547	1189
548	1177
549	1183
550	1182
551	1182
552	1202
553	1211
554	1212
555	1211
556	1218
557	1219
558	1200
559	1204
560	1222
561	1222
562	1229
563	1240
564	1245
565	1256
566	1271
567	1261
568	1260
569	1252
570	1271
571	1272
572	1261
573	1263
574	1301
575	1314
576	1318
577	1314
578	1312
579	1321
580	1315
581	1331
582	1351
583	1343
584	1342
585	1339
586	1336
587	1349
588	1343
589	1338
590	1338
591	1351
592	1357
593	1358
594	1321
595	1325
596	1333
597	1332
598	1335
599	1319
600	1312
601	1302
602	1306
603	1301
604	1316
605	1323
606	1317
607	1301
608	1303
609	1303
610	1304
611	1305
612	1309
613	1310
614	1312
615	1303
616	1301
617	1298
618	1307
619	1305
620	1307
621	1312
622	1304
623	1286
624	1274
625	1280
626	1277
627	1280
628	1280
629	1276
630	1269
631	1245
632	1245
633	1238
634	1242
635	1219
636	1154
637	1145
638	1129
639	1128
640	1123
641	1116
642	1121
643	1121
644	1130
645	1132
646	1132
647	1133
648	1129
649	1133
650	1130
651	1129
652	1139
653	1139
654	1134
655	1135
656	1175
657	1175
658	1173
659	1164
660	1167
661	1156
662	1174
663	1178
664	1171
665	1178
666	1177
667	1175
668	1182
669	1181
670	1161
671	1156
672	1138
673	1147
674	1148
675	1142
676	1153
677	1173
678	1174
679	1153
680	1151
681	1083
682	1089
683	1126
684	1120
685	1123
686	1125
687	1148
688	1185
689	1186
690	1189
691	1224
692	1228
693	1230
694	1274
695	1270
696	1270
697	1267
698	1249
699	1239
700	1238
701	1238
702	1230
703	1228
704	1240
705	1235
706	1215
707	1211
708	1208
709	1200
710	1191
711	1191
712	1203
713	1233
714	1243
715	1273
716	1332
717	1330
718	1337
719	1343
720	1296
721	1283
722	1280
723	1288
724	1329
725	1348
726	1356
727	1348
728	1324
729	1329
730	1336
731	1332
732	1332
733	1320
734	1343
735	1354
736	1353
737	1347
738	1344
739	1347
740	1351
741	1351
742	1341
743	1343
744	1337
745	1343
746	1338
747	1339
748	1341
749	1347
750	1334
751	1333
752	1334
753	1361
754	1359
755	1359
756	1357
757	1356
758	1354
759	1360
760	1376
761	1382
762	1381
763	1380
764	1372
765	1355
766	1359
767	1359
768	1358
769	1354
770	1348
771	1319
772	1288
773	1287
774	1292
775	1289
776	1287
777	1284
778	1287
779	1289
780	1288
781	1319
782	1328
783	1326
784	1332
785	1333
786	1332
787	1324
788	1324
789	1315
790	1311
791	1306
792	1310
793	1313
794	1311
795	1312
796	1302
797	1301
798	1318
799	1305
800	1309
801	1306
802	1311
803	1279
804	1279
805	1279
806	1290
807	1287
808	1293
809	1276
810	1278
811	1280
812	1268
813	1270
814	1267
815	1267
816	1268
817	1271
818	1265
819	1257
820	1239
821	1238
822	1222
823	1210
824	1191
825	1199
826	1195
827	1193
828	1201
829	1198
830	1219
831	1216
832	1211
833	1211
834	1205
835	1173
836	1171
837	1166
838	1128
839	1126
840	1126
841	1083
842	1079
843	1082
844	1085
845	1083
846	1085
847	1088
848	1095
849	1098
850	1111
851	1124
852	1131
853	1147
854	1153
855	1148
856	1146
857	1147
858	1138
859	1104
860	1067
861	1065
862	1037
863	961
864	970
865	960
866	952
867	954
868	966
869	977
870	971
871	932
872	910
873	907
874	896
875	899
876	898
877	892
878	911
879	937
880	933
881	934
882	924
883	927
884	923
885	926
886	924
887	921
888	921
889	958
890	975
891	974
892	977
893	982
894	988
895	1012
896	1008
897	1007
898	1010
899	1017
900	1016
901	1027
902	1028
903	1029
904	1042
905	1039
906	1039
907	1025
908	1048
909	1049
910	1059
911	1097
912	1126
913	1144
914	1151
915	1159
916	1174
917	1179
918	1193
919	1231
920	1261
921	1322
922	1328
923	1331
924	1331
925	1338
926	1336
927	1332
928	1292
929	1288
930	1307
931	1308
932	1318
933	1318
934	1322
935	1324
936	1330
937	1336
938	1331
939	1342
940	1355
941	1394
942	1395
943	1399
944	1403
945	1407
946	1400
947	1401
948	1394
949	1385
950	1393
951	1394
952	1385
953	1387
954	1385
955	1387
956	1383
957	1393
958	1400
959	1418
960	1418
961	1419
962	1412
963	1431
964	1432
965	1477
966	1527
967	1525
968	1532
969	1532
970	1566
971	1588
972	1726
973	1810
974	1824
975	1821
976	1819
977	1758
978	1758
979	1756
980	1785
981	1769
982	1765
983	1766
984	1776
985	1805
986	1849
987	1908
988	1915
989	1925
990	1933
991	1996
992	2038
993	2046
994	2043
995	2037
996	2033
997	2029
998	2009
999	2004
1000	1998
1001	1996
1002	2018
1003	2018
1004	2015
1005	2009
1006	2029
1007	2026
1008	2015
1009	2035
1010	2042
1011	2031
1012	2029
1013	2035
1014	2033
1015	2023
1016	2004
1017	2001
1018	1999
1019	2004
1020	2004
1021	2010
1022	2008
1023	2006
1024	2018
1025	1997
1026	1973
1027	1973
1028	1952
1029	1953
1030	1958
1031	1957
1032	1959
1033	1965
1034	1963
1035	1958
1036	1925
1037	1910
1038	1918
1039	1914
1040	1911
1041	1906
1042	1881
1043	1901
1044	1903
1045	1921
1046	1919
1047	1893
1048	1881
1049	1932
1050	1931
1051	1922
1052	1940
1053	1935
1054	1934
1055	1904
1056	1921
1057	1915
1058	1879
1059	1860
1060	1832
1061	1837
1062	1831
1063	1817
1064	1813
1065	1802
1066	1762
1067	1733
1068	1668
1069	1662
1070	1658
1071	1655
1072	1686
1073	1690
1074	1699
1075	1696
1076	1693
1077	1674
1078	1670
1079	1700
1080	1702
1081	1709
1082	1724
1083	1722
1084	1713
1085	1712
1086	1695
1087	1699
1088	1696
1089	1662
1090	1667
1091	1675
1092	1656
1093	1651
1094	1650
1095	1651
1096	1662
1097	1670
1098	1659
1099	1660
1100	1657
1101	1659
1102	1682
1103	1690
1104	1690
1105	1695
1106	1695
1107	1681
1108	1700
1109	1698
1110	1682
1111	1676
1112	1633
1113	1590
1114	1591
1115	1591
1116	1628
1117	1587
1118	1604
1119	1586
1120	1433
1121	1378
1122	1371
1123	1379
1124	1460
1125	1492
1126	1497
1127	1516
1128	1537
1129	1595
1130	1598
1131	1617
1132	1633
1133	1612
1134	1654
1135	1599
1136	1628
1137	1622
1138	1609
1139	1548
1140	1507
1141	1498
1142	1499
1143	1498
1144	1497
1145	1493
1146	1495
1147	1493
1148	1505
1149	1504
1150	1489
1151	1487
1152	1490
1153	1487
1154	1521
1155	1515
1156	1535
1157	1566
1158	1596
1159	1627
1160	1630
1161	1638
1162	1634
1163	1644
1164	1649
1165	1646
1166	1649
1167	1650
1168	1638
1169	1636
1170	1671
1171	1698
1172	1717
1173	1703
1174	1703
1175	1730
1176	1735
1177	1752
1178	1759
1179	1779
1180	1814
1181	1816
1182	1818
1183	1887
1184	1897
1185	1898
1186	1897
1187	1898
1188	1900
1189	1901
1190	1911
1191	1904
1192	1888
1193	1886
1194	1859
1195	1859
1196	1855
1197	1858
1198	1838
1199	1855
1200	1849
1201	1835
1202	1839
1203	1838
1204	1846
1205	1827
1206	1866
1207	1866
1208	1857
1209	1857
1210	1852
1211	1853
1212	1856
1213	1862
1214	1871
1215	1890
1216	1888
1217	1894
1218	1895
1219	1898
1220	1930
1221	1892
1222	1894
1223	1889
1224	1887
1225	1915
1226	1916
1227	1923
1228	1884
1229	1882
1230	1887
1231	1872
1232	1869
1233	1876
1234	1881
1235	1894
1236	1887
1237	1888
1238	1885
1239	1878
1240	1889
1241	1888
1242	1889
1243	1915
1244	1954
1245	1953
1246	1962
1247	1972
1248	1978
1249	1974
1250	1943
1251	1933
1252	1931
1253	1917
1254	1913
1255	1910
1256	1890
1257	1887
1258	1886
1259	1892
1260	1911
1261	1913
1262	1912
1263	1909
1264	1875
1265	1861
1266	1851
1267	1849
1268	1827
1269	1812
1270	1798
1271	1717
1272	1687
1273	1673
1274	1659
1275	1596
1276	1538
1277	1546
1278	1550
1279	1526
1280	1553
1281	1476
1282	1483
1283	1448
1284	1453
1285	1453
1286	1453
1287	1483
1288	1522
1289	1529
1290	1543
1291	1546
1292	1553
1293	1546
1294	1554
1295	1532
1296	1531
1297	1565
1298	1570
1299	1563
1300	1542
1301	1530
1302	1515
1303	1481
1304	1487
1305	1435
1306	1410
1307	1417
1308	1405
1309	1404
1310	1402
1311	1396
1312	1395
1313	1392
1314	1393
1315	1402
1316	1404
1317	1368
1318	1346
1319	1329
1320	1337
1321	1346
1322	1318
1323	1318
1324	1311
1325	1300
1326	1272
1327	1245
1328	1244
1329	1240
1330	1176
1331	1170
1332	1159
1333	1163
1334	1162
1335	1154
1336	1151
1337	1140
1338	1151
1339	1156
1340	1161
1341	1162
1342	1166
1343	1184
1344	1235
1345	1205
1346	1195
1347	1228
1348	1226
1349	1230
1350	1230
1351	1223
1352	1240
1353	1215
1354	1226
1355	1240
1356	1241
1357	1225
1358	1235
1359	1231
1360	1248
1361	1237
1362	1219
1363	1222
1364	1249
1365	1260
1366	1265
1367	1238
1368	1237
1369	1241
1370	1266
1371	1272
1372	1257
1373	1349
1374	1354
1375	1376
1376	1386
1377	1381
1378	1411
1379	1414
1380	1414
1381	1417
1382	1402
1383	1404
1384	1410
1385	1425
1386	1422
1387	1416
1388	1414
1389	1414
1390	1427
1391	1390
1392	1386
1393	1397
1394	1386
1395	1382
1396	1384
1397	1399
1398	1403
1399	1408
1400	1419
1401	1439
1402	1455
1403	1482
1404	1515
1405	1537
1406	1542
1407	1529
1408	1534
1409	1543
1410	1541
1411	1538
1412	1550
1413	1580
1414	1603
1415	1607
1416	1609
1417	1606
1418	1601
1419	1597
1420	1633
1421	1630
1422	1641
1423	1657
1424	1647
1425	1641
1426	1678
1427	1643
1428	1634
1429	1643
1430	1659
1431	1659
1432	1663
1433	1687
1434	1677
1435	1640
1436	1642
1437	1661
1438	1666
1439	1664
1440	1676
1441	1702
1442	1714
1443	1769
1444	1748
1445	1744
1446	1752
1447	1751
1448	1753
1449	1748
1450	1750
1451	1749
1452	1738
1453	1744
1454	1748
1455	1751
1456	1744
1457	1746
1458	1754
1459	1757
1460	1774
1461	1768
1462	1796
1463	1804
1464	1800
1465	1796
1466	1789
1467	1790
1468	1801
1469	1800
1470	1793
1471	1790
1472	1789
1473	1793
1474	1793
1475	1804
1476	1802
1477	1798
1478	1800
1479	1793
1480	1787
1481	1791
1482	1805
1483	1804
1484	1796
1485	1791
1486	1798
1487	1804
1488	1798
1489	1800
1490	1745
1491	1745
1492	1742
1493	1709
1494	1743
1495	1737
1496	1743
1497	1745
1498	1733
1499	1721
1500	1720
1501	1712
1502	1715
1503	1716
1504	1703
1505	1723
1506	1699
1507	1716
1508	1732
1509	1734
1510	1701
1511	1689
1512	1685
1513	1676
1514	1680
1515	1675
1516	1646
1517	1643
1518	1630
1519	1537
1520	1534
1521	1533
1522	1531
1523	1521
1524	1492
1525	1491
1526	1487
1527	1479
1528	1479
1529	1477
1530	1467
1531	1450
1532	1467
1533	1470
1534	1497
1535	1506
1536	1465
1537	1453
1538	1458
1539	1450
1540	1465
1541	1500
1542	1496
1543	1518
1544	1514
1545	1509
1546	1497
1547	1480
1548	1469
1549	1440
1550	1414
1551	1392
1552	1383
1553	1386
1554	1376
1555	1371
1556	1370
1557	1367
1558	1355
1559	1329
1560	1308
1561	1347
1562	1353
1563	1354
1564	1351
1565	1350
1566	1317
1567	1315
1568	1316
1569	1301
1570	1298
1571	1302
1572	1268
1573	1263
1574	1265
1575	1253
1576	1246
1577	1245
1578	1252
1579	1229
1580	1208
1581	1203
1582	1230
1583	1201
1584	1197
1585	1198
1586	1192
1587	1179
1588	1172
1589	1121
1590	1122
1591	1138
1592	1142
1593	1146
1594	1152
1595	1164
1596	1159
1597	1161
1598	1168
1599	1155
1600	1153
1601	1147
1602	1154
1603	1152
1604	1146
1605	1146
1606	1130
1607	1141
1608	1111
1609	1113
1610	1129
1611	1192
1612	1202
1613	1215
1614	1206
1615	1255
1616	1257
1617	1261
1618	1261
1619	1262
1620	1265
1621	1251
1622	1253
1623	1283
1624	1281
1625	1282
1626	1280
1627	1278
1628	1266
1629	1265
1630	1268
1631	1272
1632	1259
1633	1266
1634	1269
1635	1256
1636	1255
1637	1258
1638	1255
1639	1263
1640	1225
1641	1234
1642	1233
1643	1231
1644	1237
1645	1234
1646	1231
1647	1241
1648	1245
1649	1248
1650	1300
1651	1280
1652	1293
1653	1298
1654	1283
1655	1291
1656	1294
1657	1293
1658	1292
1659	1292
1660	1288
1661	1283
1662	1283
1663	1286
1664	1288
1665	1285
1666	1285
1667	1285
1668	1289
1669	1267
1670	1266
1671	1266
1672	1269
1673	1266
1674	1278
1675	1281
1676	1296
1677	1300
1678	1304
1679	1303
1680	1286
1681	1276
1682	1269
1683	1261
1684	1277
1685	1296
1686	1299
1687	1302
1688	1288
1689	1252
1690	1252
1691	1220
1692	1224
1693	1227
1694	1226
1695	1230
1696	1222
1697	1225
1698	1224
1699	1258
1700	1276
1701	1278
1702	1287
1703	1288
1704	1295
1705	1306
1706	1308
1707	1316
1708	1319
1709	1279
1710	1272
1711	1274
1712	1278
1713	1280
1714	1310
1715	1324
1716	1315
1717	1312
1718	1310
1719	1312
1720	1329
1721	1344
1722	1349
1723	1350
1724	1340
1725	1389
1726	1382
1727	1382
1728	1386
1729	1392
1730	1358
1731	1356
1732	1356
1733	1344
1734	1342
1735	1321
1736	1333
1737	1327
1738	1309
1739	1304
1740	1297
1741	1316
1742	1304
1743	1300
1744	1297
1745	1302
1746	1300
1747	1306
1748	1304
1749	1325
1750	1328
1751	1328
1752	1363
1753	1395
1754	1391
1755	1415
1756	1418
1757	1416
1758	1431
1759	1366
1760	1363
1761	1388
1762	1418
1763	1395
1764	1431
1765	1431
1766	1472
1767	1467
1768	1528
1769	1563
1770	1568
1771	1548
1772	1555
1773	1556
1774	1555
1775	1555
1776	1552
1777	1550
1778	1568
1779	1613
1780	1626
1781	1638
1782	1628
1783	1625
1784	1637
1785	1647
1786	1655
1787	1671
1788	1671
1789	1690
1790	1690
1791	1691
1792	1697
1793	1693
1794	1709
1795	1702
1796	1712
1797	1709
1798	1718
1799	1667
1800	1667
1801	1669
1802	1653
1803	1651
1804	1659
1805	1649
1806	1654
1807	1661
1808	1659
1809	1672
1810	1672
1811	1673
1812	1675
1813	1690
1814	1696
1815	1694
1816	1677
1817	1696
1818	1710
1819	1724
1820	1726
1821	1738
1822	1728
1823	1740
1824	1739
1825	1733
1826	1728
1827	1735
1828	1745
1829	1751
1830	1731
1831	1733
1832	1722
1833	1716
1834	1708
1835	1693
1836	1718
1837	1723
1838	1766
1839	1773
1840	1772
1841	1779
1842	1775
1843	1769
1844	1763
1845	1773
1846	1810
1847	1808
1848	1775
1849	1770
1850	1769
1851	1761
1852	1775
1853	1769
1854	1757
1855	1751
1856	1773
1857	1789
1858	1790
1859	1787
1860	1788
1861	1784
1862	1782
1863	1786
1864	1765
1865	1759
1866	1763
1867	1801
1868	1822
1869	1794
1870	1783
1871	1775
1872	1786
1873	1785
1874	1796
1875	1783
1876	1808
1877	1825
1878	1839
1879	1861
1880	1867
1881	1866
1882	1883
1883	1894
1884	1905
1885	1915
1886	1910
1887	1911
1888	1927
1889	1941
1890	1944
1891	1925
1892	1928
1893	1930
1894	1933
1895	1929
1896	1939
1897	1931
1898	1932
1899	1923
1900	1961
1901	1973
1902	1938
1903	1906
1904	1928
1905	1916
1906	1914
1907	1945
1908	1930
1909	1949
1910	1968
1911	1924
1912	1894
1913	1872
1914	1833
1915	1842
1916	1854
1917	1887
1918	1845
1919	1808
1920	1804
1921	1795
1922	1798
1923	1798
1924	1812
1925	1811
1926	1811
1927	1795
1928	1745
1929	1738
1930	1725
1931	1733
1932	1743
1933	1727
1934	1727
1935	1719
1936	1711
1937	1710
1938	1700
1939	1689
1940	1682
1941	1674
1942	1678
1943	1682
1944	1685
1945	1664
1946	1670
1947	1680
1948	1688
1949	1688
1950	1679
1951	1676
1952	1679
1953	1676
1954	1694
1955	1688
1956	1702
1957	1701
1958	1707
1959	1710
1960	1710
1961	1706
1962	1700
1963	1695
1964	1698
1965	1705
1966	1703
1967	1698
1968	1686
1969	1686
1970	1695
1971	1764
1972	1756
1973	1762
1974	1802
1975	1815
1976	1822
1977	1833
1978	1845
1979	1868
1980	1885
1981	1924
1982	1934
1983	1939
1984	1922
1985	1936
1986	1904
1987	1904
1988	1919
1989	1926
1990	1936
1991	1949
1992	1946
1993	1948
1994	1918
1995	1922
1996	1922
1997	1910
1998	1951
1999	1949
2000	1932
2001	1951
2002	1953
2003	1960
2004	1952
2005	1983
2006	1984
2007	1987
2008	2084
2009	2091
2010	2132
2011	2132
2012	2126
2013	2121
2014	2094
2015	2107
2016	2111
2017	2107
2018	2151
2019	2158
2020	2155
2021	2152
2022	2102
2023	2078
2024	2057
2025	2044
2026	2018
2027	2011
2028	2010
2029	1995
2030	1990
2031	1980
2032	1973
2033	1972
2034	1968
2035	1987
2036	1997
2037	2006
2038	1997
2039	2012
2040	2030
2041	2027
2042	2031
2043	2022
2044	2022
2045	2029
2046	2028
2047	1981
2048	1971
2049	1970
2050	1970
2051	1961
2052	1949
2053	1953
2054	1927
2055	1919
2056	1902
2057	1888
2058	1892
2059	1891
2060	1891
2061	1891
2062	1896
2063	1846
2064	1817
2065	1801
2066	1828
2067	1834
2068	1836
2069	1829
2070	1827
2071	1828
2072	1817
2073	1865
2074	1866
2075	1877
2076	1878
2077	1870
2078	1871
2079	1867
2080	1854
2081	1853
2082	1854
2083	1852
2084	1847
2085	1848
2086	1839
2087	1841
2088	1839
2089	1849
2090	1846
2091	1839
2092	1862
2093	1866
2094	1883
2095	1879
2096	1872
2097	1873
2098	1866
2099	1871
2100	1869
2101	1867
2102	1855
2103	1849
2104	1835
2105	1841
2106	1856
2107	1860
2108	1867
2109	1866
2110	1861
2111	1864
2112	1864
2113	1857
2114	1861
2115	1898
2116	1887
2117	1898
2118	1892
2119	1873
2120	1802
2121	1797
2122	1786
2123	1751
2124	1748
2125	1741
2126	1734
2127	1757
2128	1762
2129	1779
2130	1770
2131	1775
2132	1774
2133	1772
2134	1758
2135	1820
2136	1811
2137	1818
2138	1799
2139	1784
2140	1778
2141	1767
2142	1775
2143	1829
2144	1835
2145	1885
2146	1886
2147	1910
2148	1892
2149	1898
2150	1903
2151	1934
2152	1990
2153	1998
2154	1981
2155	1948
2156	1956
2157	2025
2158	1939
2159	1931
2160	1896
2161	1887
2162	1892
2163	1902
2164	1900
2165	1872
2166	1874
2167	1891
2168	1843
2169	1822
2170	1869
2171	1880
2172	1890
2173	1890
2174	1896
2175	1892
2176	1907
2177	1930
2178	1942
2179	1938
2180	1937
2181	1931
2182	1929
2183	1916
2184	1930
2185	1894
2186	1894
2187	1894
2188	1902
2189	1871
2190	1855
2191	1849
2192	1831
2193	1800
2194	1806
2195	1804
2196	1797
2197	1800
2198	1792
2199	1783
2200	1787
2201	1785
2202	1786
2203	1874
2204	1880
2205	1869
2206	1869
2207	1861
2208	1872
2209	1875
2210	1892
2211	1884
2212	1884
2213	1880
2214	1891
2215	1888
2216	1897
2217	1907
2218	1923
2219	1905
2220	1931
2221	1928
2222	1933
2223	1937
2224	1967
2225	1916
2226	1937
2227	1949
2228	1952
2229	1973
2230	1989
2231	2008
2232	2001
2233	2017
2234	2016
2235	2016
2236	2016
2237	2016
2238	2014
2239	2038
2240	2038
2241	2036
2242	2040
2243	2119
2244	2119
2245	2131
2246	2125
2247	2117
2248	2119
2249	2103
2250	2076
2251	2098
2252	2075
2253	2062
2254	2066
2255	2066
2256	2062
2257	2064
2258	2098
2259	2123
2260	2132
2261	2159
2262	2155
2263	2125
2264	2138
2265	2155
2266	2178
2267	2213
2268	2218
2269	2223
2270	2218
2271	2166
2272	2165
2273	2153
2274	2163
2275	2177
2276	2180
2277	2188
2278	2177
2279	2170
2280	2166
2281	2154
2282	2141
2283	2106
2284	2099
2285	2064
2286	2061
2287	2044
2288	2036
2289	2035
2290	2037
2291	1976
2292	1972
2293	1985
2294	1991
2295	1999
2296	2002
2297	1995
2298	1932
2299	1926
2300	1868
2301	1875
2302	1883
2303	1867
2304	1864
2305	1864
2306	1857
2307	1897
2308	1855
2309	1810
2310	1813
2311	1817
2312	1798
2313	1793
2314	1733
2315	1732
2316	1762
2317	1750
2318	1757
2319	1756
2320	1762
2321	1753
2322	1749
2323	1744
2324	1723
2325	1719
2326	1747
2327	1769
2328	1757
2329	1760
2330	1758
2331	1775
2332	1810
2333	1825
2334	1810
2335	1806
2336	1808
2337	1807
2338	1807
2339	1811
2340	1823
2341	1846
2342	1838
2343	1860
2344	1869
2345	1899
2346	1908
2347	1912
2348	1914
2349	1922
2350	1920
2351	1936
2352	1945
2353	1951
2354	1961
2355	1958
2356	1959
2357	1974
2358	1885
2359	1883
2360	1891
2361	1890
2362	1914
2363	1900
2364	1940
2365	1921
2366	1923
2367	1946
2368	1945
2369	1943
2370	1926
2371	1972
2372	1992
2373	1982
2374	1952
2375	1952
2376	1964
2377	1956
2378	1926
2379	1927
2380	1922
2381	1936
2382	1921
2383	1915
2384	1904
2385	1888
2386	1875
2387	1868
2388	1849
2389	1875
2390	1858
2391	1864
2392	1861
2393	1839
2394	1837
2395	1836
2396	1832
2397	1751
2398	1739
2399	1823
2400	1832
2401	1832
2402	1837
2403	1805
2404	1800
2405	1793
2406	1793
2407	1793
2408	1794
2409	1796
2410	1760
2411	1729
2412	1735
2413	1706
2414	1712
2415	1710
2416	1688
2417	1661
2418	1641
2419	1608
2420	1599
2421	1595
2422	1595
2423	1596
2424	1591
2425	1607
2426	1603
2427	1588
2428	1583
2429	1572
2430	1573
2431	1573
2432	1584
2433	1581
2434	1595
2435	1599
2436	1592
2437	1578
2438	1577
2439	1547
2440	1542
2441	1548
2442	1542
2443	1537
2444	1559
2445	1567
2446	1554
2447	1555
2448	1548
2449	1547
2450	1553
2451	1558
2452	1564
2453	1562
2454	1554
2455	1558
2456	1521
2457	1523
2458	1499
2459	1491
2460	1477
2461	1464
2462	1459
2463	1461
2464	1462
2465	1483
2466	1473
2467	1443
2468	1441
2469	1444
2470	1438
2471	1435
2472	1418
2473	1434
2474	1462
2475	1476
2476	1477
2477	1484
2478	1454
2479	1383
2480	1388
2481	1381
2482	1385
2483	1366
2484	1334
2485	1331
2486	1334
2487	1332
2488	1333
2489	1339
2490	1339
2491	1339
2492	1326
2493	1327
2494	1290
2495	1277
2496	1263
2497	1254
2498	1250
2499	1246
2500	1250
2501	1235
2502	1253
2503	1242
2504	1238
2505	1233
2506	1224
2507	1219
2508	1235
2509	1322
2510	1321
2511	1326
2512	1313
2513	1338
2514	1359
2515	1399
2516	1410
2517	1372
2518	1388
2519	1475
2520	1449
2521	1488
2522	1484
2523	1466
2524	1435
2525	1435
2526	1438
2527	1436
2528	1437
2529	1439
2530	1479
2531	1535
2532	1524
2533	1585
2534	1613
2535	1624
2536	1714
2537	1721
2538	1762
2539	1760
2540	1773
2541	1816
2542	1815
2543	1811
2544	1822
2545	1818
2546	1818
2547	1825
2548	1826
2549	1881
2550	1801
2551	1792
2552	1803
2553	1802
2554	1835
2555	1842
2556	1855
2557	1872
2558	1875
2559	1913
2560	1915
2561	1921
2562	1921
2563	1913
2564	1915
2565	1938
2566	1954
2567	1959
2568	1958
2569	1972
2570	1970
2571	1976
2572	1978
2573	2009
2574	2020
2575	2021
2576	2022
2577	2005
2578	2005
2579	2004
2580	2010
2581	2011
2582	2012
2583	2005
2584	2002
2585	2013
2586	2002
2587	1996
2588	1999
2589	1991
2590	1990
2591	1988
2592	1983
2593	1984
2594	1987
2595	1985
2596	1954
2597	1948
2598	1951
2599	1965
2600	1975
2601	1970
2602	1972
2603	1966
2604	1968
2605	1967
2606	1966
2607	1953
2608	1952
2609	1991
2610	1978
2611	1987
2612	1994
2613	1989
2614	1985
2615	1982
2616	1981
2617	1949
2618	1958
2619	1957
2620	1959
2621	1964
2622	1964
2623	1965
2624	1948
2625	1922
2626	1908
2627	1907
2628	1900
2629	1919
2630	1923
2631	1921
2632	1915
2633	1909
2634	1918
2635	1916
2636	1893
2637	1887
2638	1888
2639	1883
2640	1919
2641	1952
2642	1964
2643	1972
2644	2003
2645	2001
2646	2017
2647	2004
2648	2004
2649	2004
2650	2000
2651	2016
2652	2012
2653	2038
2654	2039
2655	2042
2656	2040
2657	2026
2658	1938
2659	1924
2660	1920
2661	1931
2662	1897
2663	1872
2664	1898
2665	1836
2666	1824
2667	1817
2668	1803
2669	1714
2670	1715
2671	1675
2672	1678
2673	1677
2674	1660
2675	1672
2676	1738
2677	1781
2678	1792
2679	1790
2680	1789
2681	1800
2682	1737
2683	1734
2684	1660
2685	1633
2686	1624
2687	1537
2688	1520
2689	1482
2690	1478
2691	1480
2692	1458
2693	1483
2694	1529
2695	1519
2696	1573
2697	1567
2698	1564
2699	1564
2700	1574
2701	1523
2702	1517
2703	1522
2704	1550
2705	1552
2706	1518
2707	1515
2708	1504
2709	1484
2710	1485
2711	1477
2712	1474
2713	1462
2714	1481
2715	1487
2716	1481
2717	1473
2718	1449
2719	1434
2720	1429
2721	1424
2722	1430
2723	1429
2724	1433
2725	1418
2726	1432
2727	1435
2728	1447
2729	1446
2730	1440
2731	1456
2732	1477
2733	1476
2734	1505
2735	1504
2736	1500
2737	1499
2738	1510
2739	1515
2740	1550
2741	1551
2742	1555
2743	1565
2744	1564
2745	1565
2746	1590
2747	1591
2748	1654
2749	1653
2750	1671
2751	1663
2752	1673
2753	1665
2754	1669
2755	1735
2756	1759
2757	1757
2758	1762
2759	1772
2760	1727
2761	1742
2762	1731
2763	1732
2764	1731
2765	1730
2766	1736
2767	1736
2768	1730
2769	1730
2770	1716
2771	1727
2772	1735
2773	1755
2774	1749
2775	1763
2776	1777
2777	1780
2778	1801
2779	1805
2780	1827
2781	1841
2782	1822
2783	1822
2784	1817
2785	1826
2786	1865
2787	1850
2788	1853
2789	1863
2790	1859
2791	1853
2792	1867
2793	1832
2794	1797
2795	1797
2796	1820
2797	1809
2798	1800
2799	1767
2800	1767
2801	1766
2802	1751
2803	1769
2804	1767
2805	1767
2806	1764
2807	1749
2808	1734
2809	1721
2810	1711
2811	1711
2812	1714
2813	1711
2814	1714
2815	1713
2816	1717
2817	1702
2818	1722
2819	1702
2820	1689
2821	1687
2822	1686
2823	1678
2824	1679
2825	1685
2826	1688
2827	1687
2828	1701
2829	1696
2830	1621
2831	1600
2832	1600
2833	1604
2834	1606
2835	1553
2836	1552
2837	1551
2838	1568
2839	1575
2840	1576
2841	1562
2842	1564
2843	1564
2844	1549
2845	1552
2846	1538
2847	1523
2848	1483
2849	1501
2850	1448
2851	1450
2852	1496
2853	1504
2854	1515
2855	1520
2856	1527
2857	1560
2858	1579
2859	1592
2860	1589
2861	1604
2862	1600
2863	1568
2864	1569
2865	1572
2866	1559
2867	1564
2868	1567
2869	1579
2870	1591
2871	1603
2872	1607
2873	1607
2874	1611
2875	1608
2876	1628
2877	1627
2878	1607
2879	1631
2880	1619
2881	1635
2882	1647
2883	1654
2884	1638
2885	1639
2886	1616
2887	1613
2888	1614
2889	1615
2890	1620
2891	1631
2892	1604
2893	1610
2894	1612
2895	1607
2896	1614
2897	1636
2898	1615
2899	1616
2900	1548
2901	1544
2902	1544
2903	1500
2904	1496
2905	1493
2906	1501
2907	1502
2908	1429
2909	1404
2910	1405
2911	1400
2912	1391
2913	1394
2914	1380
2915	1389
2916	1390
2917	1388
2918	1381
2919	1383
2920	1392
2921	1383
2922	1376
2923	1369
2924	1344
2925	1352
2926	1357
2927	1362
2928	1354
2929	1353
2930	1351
2931	1351
2932	1326
2933	1312
2934	1320
2935	1335
2936	1330
2937	1335
2938	1332
2939	1293
2940	1291
2941	1290
2942	1335
2943	1336
2944	1337
2945	1315
2946	1313
2947	1293
2948	1291
2949	1296
2950	1298
2951	1309
2952	1310
2953	1285
2954	1313
2955	1322
2956	1326
2957	1334
2958	1462
2959	1481
2960	1531
2961	1537
2962	1533
2963	1564
2964	1565
2965	1604
2966	1602
2967	1606
2968	1593
2969	1589
2970	1634
2971	1643
2972	1656
2973	1660
2974	1677
2975	1675
2976	1675
2977	1679
2978	1675
2979	1680
2980	1694
2981	1735
2982	1735
2983	1732
2984	1732
2985	1757
2986	1793
2987	1804
2988	1792
2989	1785
2990	1789
2991	1793
2992	1788
2993	1796
2994	1796
2995	1806
2996	1797
2997	1835
2998	1844
2999	1842
3000	1823
3001	1830
3002	1840
3003	1786
3004	1820
3005	1825
3006	1824
3007	1775
3008	1736
3009	1757
3010	1748
3011	1747
3012	1735
3013	1734
3014	1753
3015	1747
3016	1759
3017	1749
3018	1746
3019	1765
3020	1747
3021	1732
3022	1729
3023	1725
3024	1717
3025	1724
3026	1698
3027	1681
3028	1678
3029	1652
3030	1656
3031	1641
3032	1630
3033	1607
3034	1595
3035	1592
3036	1590
3037	1589
3038	1583
3039	1583
3040	1568
3041	1550
3042	1553
3043	1550
3044	1544
3045	1539
3046	1530
3047	1504
3048	1520
3049	1525
3050	1526
3051	1586
3052	1623
3053	1633
3054	1629
3055	1621
3056	1620
3057	1620
3058	1644
3059	1652
3060	1651
3061	1650
3062	1647
3063	1644
3064	1633
3065	1653
3066	1649
3067	1654
3068	1654
3069	1653
3070	1644
3071	1655
3072	1656
3073	1662
3074	1662
3075	1667
3076	1654
3077	1668
3078	1666
3079	1680
3080	1682
3081	1701
3082	1709
3083	1739
3084	1721
3085	1771
3086	1766
3087	1777
3088	1787
3089	1814
3090	1791
3091	1799
3092	1812
3093	1821
3094	1828
3095	1895
3096	1899
3097	1910
3098	1910
3099	1898
3100	1892
3101	1892
3102	1901
3103	1892
3104	1923
3105	1915
3106	1784
3107	1785
3108	1739
3109	1733
3110	1734
3111	1706
3112	1727
3113	1692
3114	1692
3115	1699
3116	1687
3117	1693
3118	1650
3119	1643
3120	1634
3121	1632
3122	1633
3123	1639
3124	1641
3125	1638
3126	1619
3127	1613
3128	1601
3129	1521
3130	1520
3131	1521
3132	1543
3133	1516
3134	1517
3135	1475
3136	1467
3137	1463
3138	1460
3139	1454
3140	1455
3141	1454
3142	1452
3143	1445
3144	1439
3145	1390
3146	1391
3147	1406
3148	1406
3149	1410
3150	1404
3151	1404
3152	1362
3153	1353
3154	1355
3155	1362
3156	1371
3157	1334
3158	1341
3159	1341
3160	1367
3161	1369
3162	1360
3163	1364
3164	1400
3165	1416
3166	1428
3167	1402
3168	1423
3169	1437
3170	1442
3171	1482
3172	1485
3173	1472
3174	1524
3175	1529
3176	1534
3177	1535
3178	1533
3179	1541
3180	1556
3181	1558
3182	1568
3183	1577
3184	1587
3185	1585
3186	1596
3187	1636
3188	1763
3189	1762
3190	1764
3191	1777
3192	1788
3193	1804
3194	1833
3195	1882
3196	1928
3197	1913
3198	1924
3199	1926
3200	1869
3201	1839
3202	1831
3203	1837
3204	1844
3205	1887
3206	1887
3207	1885
3208	1903
3209	1908
3210	1908
3211	1911
3212	1921
3213	1907
3214	1906
3215	1910
3216	1928
3217	1928
3218	1951
3219	1953
3220	1954
3221	1947
3222	2013
3223	2035
3224	2043
3225	2067
3226	2083
3227	2072
3228	2086
3229	2080
3230	2093
3231	2089
3232	2118
3233	2061
3234	2070
3235	2070
3236	2072
3237	2103
3238	2082
3239	2068
3240	2071
3241	2073
3242	2064
3243	2057
3244	1990
3245	1987
3246	1989
3247	1987
3248	1989
3249	1990
3250	1989
3251	1951
3252	1952
3253	1928
3254	1942
3255	1946
3256	1911
3257	1907
3258	1906
3259	1904
3260	1906
3261	1878
3262	1872
3263	1868
3264	1868
3265	1868
3266	1867
3267	1910
3268	1907
3269	1903
3270	1904
3271	1887
3272	1875
3273	1870
3274	1866
3275	1872
3276	1864
3277	1871
3278	1873
3279	1869
3280	1870
3281	1850
3282	1852
3283	1853
3284	1852
3285	1879
3286	1897
3287	1901
3288	1896
3289	1890
3290	1893
3291	1901
3292	1960
3293	1966
3294	1947
3295	1928
3296	1929
3297	1923
3298	1922
3299	1922
3300	1919
3301	1965
3302	1952
3303	1951
3304	1947
3305	1943
3306	1945
3307	1944
3308	1943
3309	1918
3310	1920
3311	1913
3312	1911
3313	1860
3314	1843
3315	1843
3316	1844
3317	1831
3318	1829
3319	1821
3320	1778
3321	1778
3322	1729
3323	1725
3324	1741
3325	1746
3326	1745
3327	1735
3328	1719
3329	1717
3330	1708
3331	1702
3332	1720
3333	1722
3334	1711
3335	1672
3336	1546
3337	1546
3338	1551
3339	1550
3340	1533
3341	1514
3342	1504
3343	1509
3344	1464
3345	1426
3346	1428
3347	1418
3348	1457
3349	1488
3350	1485
3351	1483
3352	1476
3353	1595
3354	1558
3355	1554
3356	1572
3357	1565
3358	1560
3359	1579
3360	1579
3361	1595
3362	1590
3363	1589
3364	1606
3365	1615
3366	1601
3367	1610
3368	1624
3369	1635
3370	1643
3371	1644
3372	1570
3373	1536
3374	1522
3375	1478
3376	1470
3377	1458
3378	1445
3379	1434
3380	1415
3381	1380
3382	1352
3383	1395
3384	1405
3385	1401
3386	1356
3387	1351
3388	1335
3389	1323
3390	1331
3391	1331
3392	1330
3393	1332
3394	1331
3395	1317
3396	1317
3397	1316
3398	1318
3399	1324
3400	1340
3401	1343
3402	1352
3403	1337
3404	1333
3405	1333
3406	1332
3407	1332
3408	1333
3409	1335
3410	1336
3411	1345
3412	1350
3413	1338
3414	1345
3415	1345
3416	1299
3417	1298
3418	1300
3419	1300
3420	1299
3421	1360
3422	1369
3423	1369
3424	1362
3425	1387
3426	1387
3427	1389
3428	1379
3429	1375
3430	1393
3431	1386
3432	1386
3433	1386
3434	1391
3435	1397
3436	1394
3437	1391
3438	1393
3439	1391
3440	1374
3441	1382
3442	1388
3443	1391
3444	1395
3445	1390
3446	1385
3447	1317
3448	1319
3449	1321
3450	1322
3451	1327
3452	1322
3453	1317
3454	1318
3455	1321
3456	1279
3457	1280
3458	1282
3459	1279
3460	1279
3461	1267
3462	1267
3463	1268
3464	1268
3465	1268
3466	1269
3467	1267
3468	1272
3469	1304
3470	1298
3471	1292
3472	1285
3473	1277
3474	1285
3475	1288
3476	1295
3477	1298
3478	1302
3479	1280
3480	1285
3481	1300
3482	1307
3483	1309
3484	1307
3485	1307
3486	1331
3487	1305
3488	1301
3489	1300
3490	1326
3491	1320
3492	1318
3493	1317
3494	1311
3495	1339
3496	1331
3497	1298
3498	1288
3499	1284
3500	1278
3501	1272
3502	1225
3503	1206
3504	1202
3505	1202
3506	1202
3507	1065
3508	1064
3509	1065
3510	1033
3511	1018
3512	1001
3513	1010
3514	993
3515	991
3516	1020
3517	1012
3518	1004
3519	1035
3520	1022
3521	995
3522	983
3523	979
3524	989
3525	1005
3526	1015
3527	1041
3528	1041
3529	1035
3530	1024
3531	1023
3532	1027
3533	1032
3534	1029
3535	1038
3536	992
3537	980
3538	974
3539	974
3540	983
3541	980
3542	988
3543	969
3544	969
3545	979
3546	981
3547	981
3548	987
3549	1001
3550	1017
3551	1018
3552	1030
3553	1012
3554	1012
3555	1009
3556	1035
3557	1049
3558	1059
3559	1062
3560	1067
3561	1065
3562	1075
3563	1119
3564	1154
3565	1239
3566	1239
3567	1232
3568	1229
3569	1227
3570	1228
3571	1225
3572	1223
3573	1230
3574	1173
3575	1199
3576	1213
3577	1194
3578	1197
3579	1199
3580	1185
3581	1185
3582	1181
3583	1187
3584	1192
3585	1201
3586	1210
3587	1210
3588	1216
3589	1209
3590	1216
3591	1244
3592	1255
3593	1264
3594	1269
3595	1300
3596	1306
3597	1312
3598	1305
3599	1304
3600	1304
3601	1310
3602	1304
3603	1299
3604	1296
3605	1286
3606	1285
3607	1297
3608	1300
3609	1303
3610	1301
3611	1304
3612	1308
3613	1310
3614	1308
3615	1287
3616	1292
3617	1305
3618	1314
3619	1316
3620	1318
3621	1318
3622	1312
3623	1310
3624	1330
3625	1337
3626	1351
3627	1362
3628	1353
3629	1354
3630	1357
3631	1360
3632	1333
3633	1346
3634	1359
3635	1364
3636	1344
3637	1344
3638	1348
3639	1353
3640	1362
3641	1339
3642	1343
3643	1349
3644	1375
3645	1398
3646	1405
3647	1408
3648	1422
3649	1422
3650	1421
3651	1428
3652	1427
3653	1425
3654	1454
3655	1467
3656	1457
3657	1460
3658	1494
3659	1528
3660	1550
3661	1559
3662	1530
3663	1515
3664	1531
3665	1525
3666	1491
3667	1493
3668	1497
3669	1493
3670	1490
3671	1479
3672	1482
3673	1471
3674	1460
3675	1460
3676	1460
3677	1462
3678	1483
3679	1481
3680	1475
3681	1465
3682	1468
3683	1456
3684	1454
3685	1458
3686	1463
3687	1478
3688	1473
3689	1478
3690	1468
3691	1473
3692	1504
3693	1504
3694	1531
3695	1537
3696	1561
3697	1550
3698	1560
3699	1605
3700	1591
3701	1597
3702	1636
3703	1638
3704	1616
3705	1617
3706	1623
3707	1629
3708	1625
3709	1629
3710	1624
3711	1586
3712	1555
3713	1467
3714	1490
3715	1495
3716	1503
3717	1515
3718	1533
3719	1659
3720	1660
3721	1655
3722	1713
3723	1684
3724	1676
3725	1675
3726	1671
3727	1682
3728	1683
3729	1680
3730	1670
3731	1663
3732	1692
3733	1686
3734	1679
3735	1669
3736	1657
3737	1655
3738	1643
3739	1660
3740	1676
3741	1672
3742	1665
3743	1629
3744	1639
3745	1630
3746	1621
3747	1646
3748	1655
3749	1675
3750	1673
3751	1672
3752	1705
3753	1731
3754	1741
3755	1767
3756	1766
3757	1765
3758	1769
3759	1793
3760	1801
3761	1834
3762	1845
3763	1842
3764	1837
3765	1824
3766	1814
3767	1834
3768	1854
3769	1860
3770	1858
3771	1883
3772	1891
3773	1866
3774	1868
3775	1848
3776	1836
3777	1849
3778	1862
3779	1861
3780	1860
3781	1859
3782	1850
3783	1852
3784	1845
3785	1838
3786	1848
3787	1847
3788	1880
3789	1871
3790	1864
3791	1863
3792	1863
3793	1836
3794	1813
3795	1806
3796	1817
3797	1809
3798	1815
3799	1823
3800	1816
3801	1813
3802	1811
3803	1787
3804	1770
3805	1775
3806	1788
3807	1773
3808	1739
3809	1716
3810	1710
3811	1711
3812	1702
3813	1729
3814	1727
3815	1731
3816	1732
3817	1729
3818	1726
3819	1724
3820	1720
3821	1729
3822	1705
3823	1711
3824	1709
3825	1690
3826	1688
3827	1691
3828	1693
3829	1728
3830	1729
3831	1731
3832	1734
3833	1733
3834	1761
3835	1757
3836	1753
3837	1770
3838	1790
3839	1799
3840	1789
3841	1781
3842	1777
3843	1742
3844	1763
3845	1799
3846	1774
3847	1770
3848	1769
3849	1789
3850	1784
3851	1793
3852	1779
3853	1762
3854	1759
3855	1766
3856	1768
3857	1786
3858	1793
3859	1787
3860	1789
3861	1787
3862	1788
3863	1784
3864	1779
3865	1770
3866	1656
3867	1656
3868	1658
3869	1604
3870	1598
3871	1587
3872	1590
3873	1589
3874	1583
3875	1583
3876	1586
3877	1613
3878	1611
3879	1621
3880	1618
3881	1610
3882	1626
3883	1611
3884	1619
3885	1622
3886	1579
3887	1598
3888	1609
3889	1622
3890	1618
3891	1618
3892	1646
3893	1629
3894	1635
3895	1618
3896	1617
3897	1621
3898	1590
3899	1607
3900	1598
3901	1573
3902	1594
3903	1624
3904	1616
3905	1639
3906	1617
3907	1627
3908	1589
3909	1576
3910	1617
3911	1614
3912	1616
3913	1618
3914	1592
3915	1580
3916	1564
3917	1565
3918	1545
3919	1536
3920	1536
3921	1539
3922	1533
3923	1532
3924	1550
3925	1541
3926	1587
3927	1625
3928	1626
3929	1634
3930	1634
3931	1635
3932	1646
3933	1650
3934	1642
3935	1646
3936	1608
3937	1611
3938	1617
3939	1643
3940	1647
3941	1653
3942	1694
3943	1693
3944	1683
3945	1687
3946	1677
3947	1708
3948	1707
3949	1728
3950	1750
3951	1759
3952	1769
3953	1792
3954	1773
3955	1752
3956	1807
3957	1800
3958	1815
3959	1835
3960	1831
3961	1840
3962	1829
3963	1829
3964	1829
3965	1813
3966	1815
3967	1854
3968	1862
3969	1863
3970	1861
3971	1875
3972	1865
3973	1865
3974	1862
3975	1862
3976	1873
3977	1879
3978	1892
3979	1869
3980	1875
3981	1877
3982	1884
3983	1888
3984	1857
3985	1864
3986	1861
3987	1870
3988	1882
3989	1841
3990	1841
3991	1848
3992	1857
3993	1841
3994	1839
3995	1866
3996	1853
3997	1790
3998	1794
3999	1794
4000	1795
4001	1794
4002	1740
4003	1749
4004	1740
4005	1748
4006	1771
4007	1767
4008	1770
4009	1765
4010	1748
4011	1739
4012	1744
4013	1751
4014	1738
4015	1734
4016	1730
4017	1724
4018	1728
4019	1724
4020	1736
4021	1768
4022	1763
4023	1782
4024	1799
4025	1843
4026	1866
4027	1880
4028	1880
4029	1879
4030	1922
4031	1920
4032	1936
4033	1907
4034	1925
4035	2000
4036	2006
4037	2079
4038	2075
4039	2073
4040	2071
4041	2038
4042	2022
4043	2007
4044	2001
4045	2004
4046	1983
4047	1980
4048	1966
4049	1966
4050	1973
4051	1977
4052	1977
4053	1971
4054	1970
4055	1931
4056	1978
4057	2015
4058	1993
4059	1965
4060	1942
4061	1944
4062	1951
4063	1932
4064	1956
4065	1973
4066	1935
4067	1931
4068	1929
4069	1933
4070	1931
4071	1933
4072	1921
4073	1923
4074	1923
4075	1929
4076	1928
4077	1945
4078	1948
4079	1945
4080	1942
4081	1912
4082	1947
4083	1903
4084	1866
4085	1865
4086	1864
4087	1871
4088	1876
4089	1868
4090	1865
4091	1912
4092	1908
4093	1924
4094	1927
4095	1925
4096	1899
4097	1889
4098	1903
4099	1860
4100	1858
4101	1858
4102	1852
4103	1870
4104	1856
4105	1853
4106	1832
4107	1815
4108	1830
4109	1845
4110	1832
4111	1843
4112	1803
4113	1804
4114	1810
4115	1849
4116	1851
4117	1838
4118	1856
4119	1857
4120	1968
4121	2017
4122	2024
4123	1985
4124	1976
4125	1980
4126	1973
4127	1973
4128	1994
4129	1995
4130	2003
4131	2007
4132	2009
4133	2001
4134	2015
4135	2000
4136	1987
4137	1981
4138	1982
4139	1981
4140	1989
4141	1986
4142	2030
4143	2032
4144	2020
4145	1980
4146	2008
4147	2011
4148	2007
4149	2021
4150	2027
4151	2059
4152	2085
4153	2082
4154	2078
4155	2075
4156	2074
4157	2061
4158	2066
4159	2065
4160	2062
4161	2084
4162	2097
4163	2108
4164	2097
4165	2098
4166	2084
4167	2088
4168	2087
4169	2120
4170	2127
4171	2132
4172	2130
4173	2120
4174	2109
4175	2080
4176	2065
4177	2054
4178	2008
4179	2012
4180	2002
4181	1994
4182	1989
4183	1947
4184	1923
4185	1909
4186	1907
4187	1887
4188	1817
4189	1799
4190	1725
4191	1727
4192	1729
4193	1728
4194	1715
4195	1714
4196	1714
4197	1715
4198	1717
4199	1710
4200	1706
4201	1715
4202	1707
4203	1702
4204	1702
4205	1701
4206	1699
4207	1656
4208	1618
4209	1606
4210	1603
4211	1604
4212	1596
4213	1596
4214	1594
4215	1580
4216	1579
4217	1583
4218	1638
4219	1634
4220	1633
4221	1637
4222	1639
4223	1642
4224	1669
4225	1664
4226	1675
4227	1680
4228	1689
4229	1698
4230	1662
4231	1647
4232	1651
4233	1656
4234	1650
4235	1649
4236	1633
4237	1639
4238	1644
4239	1595
4240	1592
4241	1575
4242	1587
4243	1591
4244	1592
4245	1624
4246	1645
4247	1645
4248	1646
4249	1673
4250	1671
4251	1669
4252	1645
4253	1680
4254	1686
4255	1685
4256	1662
4257	1637
4258	1637
4259	1639
4260	1636
4261	1633
4262	1638
4263	1632
4264	1615
4265	1565
4266	1574
4267	1584
4268	1552
4269	1552
4270	1436
4271	1389
4272	1392
4273	1391
4274	1406
4275	1411
4276	1408
4277	1390
4278	1372
4279	1377
4280	1371
4281	1376
4282	1384
4283	1389
4284	1402
4285	1425
4286	1461
4287	1484
4288	1502
4289	1528
4290	1599
4291	1595
4292	1537
4293	1545
4294	1572
4295	1568
4296	1583
4297	1558
4298	1548
4299	1560
4300	1545
4301	1554
4302	1530
4303	1489
4304	1467
4305	1451
4306	1453
4307	1450
4308	1457
4309	1459
4310	1469
4311	1500
4312	1509
4313	1519
4314	1505
4315	1483
4316	1496
4317	1500
4318	1496
4319	1496
4320	1485
4321	1494
4322	1460
4323	1473
4324	1506
4325	1520
4326	1524
4327	1517
4328	1511
4329	1519
4330	1525
4331	1563
4332	1537
4333	1532
4334	1533
4335	1536
4336	1539
4337	1565
4338	1568
4339	1559
4340	1560
4341	1560
4342	1557
4343	1595
4344	1590
4345	1587
4346	1598
4347	1602
4348	1614
4349	1616
4350	1621
4351	1618
4352	1625
4353	1627
4354	1633
4355	1636
4356	1643
4357	1644
4358	1640
4359	1645
4360	1661
4361	1660
4362	1662
4363	1662
4364	1659
4365	1660
4366	1658
4367	1635
4368	1630
4369	1653
4370	1654
4371	1605
4372	1610
4373	1613
4374	1609
4375	1613
4376	1605
4377	1576
4378	1569
4379	1560
4380	1561
4381	1558
4382	1546
4383	1559
4384	1558
4385	1576
4386	1577
4387	1584
4388	1576
4389	1573
4390	1572
4391	1591
4392	1601
4393	1602
4394	1611
4395	1607
4396	1607
4397	1621
4398	1605
4399	1567
4400	1577
4401	1585
4402	1552
4403	1588
4404	1697
4405	1703
4406	1721
4407	1741
4408	1776
4409	1787
4410	1795
4411	1801
4412	1801
4413	1799
4414	1785
4415	1786
4416	1782
4417	1767
4418	1760
4419	1756
4420	1775
4421	1786
4422	1829
4423	1831
4424	1817
4425	1808
4426	1807
4427	1819
4428	1820
4429	1882
4430	1885
4431	1890
4432	1896
4433	1887
4434	1853
4435	1832
4436	1793
4437	1768
4438	1752
4439	1728
4440	1648
4441	1649
4442	1644
4443	1615
4444	1615
4445	1607
4446	1604
4447	1601
4448	1582
4449	1574
4450	1565
4451	1564
4452	1556
4453	1554
4454	1552
4455	1550
4456	1556
4457	1540
4458	1511
4459	1519
4460	1491
4461	1483
4462	1492
4463	1468
4464	1471
4465	1468
4466	1479
4467	1527
4468	1550
4469	1542
4470	1546
4471	1523
4472	1491
4473	1471
4474	1469
4475	1473
4476	1477
4477	1478
4478	1466
4479	1428
4480	1426
4481	1449
4482	1459
4483	1459
4484	1459
4485	1434
4486	1431
4487	1436
4488	1441
4489	1464
4490	1465
4491	1426
4492	1426
4493	1427
4494	1416
4495	1422
4496	1413
4497	1417
4498	1415
4499	1417
4500	1440
4501	1461
4502	1442
4503	1447
4504	1440
4505	1442
4506	1447
4507	1450
4508	1438
4509	1440
4510	1445
4511	1446
4512	1463
4513	1477
4514	1477
4515	1478
4516	1491
4517	1468
4518	1483
4519	1491
4520	1483
4521	1490
4522	1493
4523	1488
4524	1487
4525	1478
4526	1477
4527	1473
4528	1500
4529	1494
4530	1496
4531	1479
4532	1481
4533	1458
4534	1447
4535	1443
4536	1454
4537	1458
4538	1466
4539	1441
4540	1435
4541	1470
4542	1460
4543	1466
4544	1502
4545	1494
4546	1483
4547	1490
4548	1496
4549	1488
4550	1467
4551	1357
4552	1339
4553	1320
4554	1270
4555	1228
4556	1238
4557	1257
4558	1248
4559	1250
4560	1252
4561	1244
4562	1252
4563	1254
4564	1289
4565	1295
4566	1294
4567	1314
4568	1292
4569	1281
4570	1235
4571	1229
4572	1245
4573	1244
4574	1242
4575	1235
4576	1243
4577	1184
4578	1181
4579	1171
4580	1159
4581	1166
4582	1206
4583	1213
4584	1214
4585	1215
4586	1210
4587	1211
4588	1211
4589	1211
4590	1217
4591	1218
4592	1221
4593	1233
4594	1234
4595	1236
4596	1238
4597	1238
4598	1235
4599	1232
4600	1235
4601	1238
4602	1239
4603	1234
4604	1224
4605	1226
4606	1224
4607	1205
4608	1202
4609	1203
4610	1191
4611	1196
4612	1213
4613	1202
4614	1154
4615	1128
4616	1126
4617	1124
4618	1125
4619	1133
4620	1147
4621	1146
4622	1146
4623	1204
4624	1190
4625	1189
4626	1188
4627	1184
4628	1163
4629	1153
4630	1151
4631	1146
4632	1146
4633	1143
4634	1143
4635	1143
4636	1143
4637	1143
4638	1143
4639	1143
4640	1143
4641	1143
4642	1143
4643	1143
4644	1153
4645	1148
4646	1140
4647	1113
4648	1113
4649	1114
4650	1113
4651	1114
4652	1123
4653	1115
4654	1131
4655	1134
4656	1134
4657	1141
4658	1116
4659	1094
4660	1130
4661	1139
4662	1201
4663	1206
4664	1210
4665	1203
4666	1199
4667	1199
4668	1194
4669	1192
4670	1178
4671	1164
4672	1161
4673	1160
4674	1145
4675	1173
4676	1158
4677	1145
4678	1151
4679	1141
4680	1150
4681	1154
4682	1154
4683	1164
4684	1173
4685	1168
4686	1152
4687	1158
4688	1158
4689	1193
4690	1196
4691	1193
4692	1194
4693	1192
4694	1177
4695	1179
4696	1163
4697	1164
4698	1164
4699	1126
4700	1164
4701	1161
4702	1116
4703	1106
4704	1102
4705	1096
4706	1083
4707	1086
4708	1082
4709	1082
4710	1075
4711	1075
4712	1075
4713	1080
4714	1050
4715	1046
4716	1064
4717	1051
4718	1102
4719	1091
4720	1093
4721	1058
4722	1053
4723	1051
4724	1024
4725	1022
4726	1027
4727	1029
4728	1034
4729	1018
4730	1021
4731	1025
4732	1019
4733	1011
4734	1005
4735	1005
4736	1103
4737	1101
4738	1103
4739	1064
4740	1055
4741	1054
4742	1053
4743	1059
4744	1048
4745	1040
4746	1074
4747	1069
4748	1075
4749	1068
4750	1055
4751	1057
4752	1058
4753	1058
4754	1078
4755	1085
4756	1087
4757	1091
4758	1094
4759	1094
4760	1094
4761	1098
4762	1108
4763	1129
4764	1122
4765	1134
4766	1139
4767	1155
4768	1152
4769	1148
4770	1155
4771	1163
4772	1171
4773	1168
4774	1166
4775	1166
4776	1157
4777	1133
4778	1132
4779	1140
4780	1083
4781	1097
4782	1100
4783	1102
4784	1105
4785	1106
4786	1131
4787	1160
4788	1159
4789	1164
4790	1160
4791	1164
4792	1186
4793	1189
4794	1191
4795	1196
4796	1203
4797	1226
4798	1250
4799	1251
4800	1236
4801	1230
4802	1238
4803	1238
4804	1286
4805	1290
4806	1268
4807	1260
4808	1195
4809	1192
4810	1190
4811	1200
4812	1217
4813	1241
4814	1249
4815	1249
4816	1314
4817	1316
4818	1334
4819	1335
4820	1342
4821	1339
4822	1335
4823	1355
4824	1348
4825	1355
4826	1342
4827	1344
4828	1354
4829	1348
4830	1339
4831	1342
4832	1332
4833	1325
4834	1341
4835	1306
4836	1302
4837	1314
4838	1353
4839	1362
4840	1374
4841	1418
4842	1421
4843	1418
4844	1429
4845	1430
4846	1469
4847	1464
4848	1480
4849	1479
4850	1492
4851	1522
4852	1581
4853	1635
4854	1632
4855	1631
4856	1631
4857	1634
4858	1632
4859	1622
4860	1633
4861	1628
4862	1603
4863	1601
4864	1549
4865	1551
4866	1552
4867	1554
4868	1561
4869	1562
4870	1583
4871	1585
4872	1578
4873	1578
4874	1573
4875	1595
4876	1601
4877	1602
4878	1616
4879	1627
4880	1629
4881	1631
4882	1534
4883	1546
4884	1537
4885	1540
4886	1561
4887	1565
4888	1586
4889	1578
4890	1575
4891	1577
4892	1544
4893	1594
4894	1592
4895	1602
4896	1601
4897	1619
4898	1628
4899	1629
4900	1612
4901	1615
4902	1614
4903	1611
4904	1609
4905	1609
4906	1616
4907	1618
4908	1608
4909	1583
4910	1596
4911	1591
4912	1605
4913	1619
4914	1632
4915	1639
4916	1634
4917	1639
4918	1633
4919	1632
4920	1645
4921	1667
4922	1675
4923	1675
4924	1676
4925	1677
4926	1709
4927	1737
4928	1766
4929	1776
4930	1831
4931	1830
4932	1811
4933	1792
4934	1808
4935	1826
4936	1820
4937	1836
4938	1838
4939	1866
4940	1868
4941	1861
4942	1854
4943	1829
4944	1805
4945	1805
4946	1806
4947	1805
4948	1799
4949	1789
4950	1738
4951	1739
4952	1739
4953	1732
4954	1732
4955	1732
4956	1734
4957	1732
4958	1754
4959	1749
4960	1722
4961	1724
4962	1715
4963	1715
4964	1655
4965	1673
4966	1655
4967	1653
4968	1648
4969	1628
4970	1629
4971	1620
4972	1620
4973	1612
4974	1630
4975	1626
4976	1618
4977	1634
4978	1647
4979	1643
4980	1636
4981	1636
4982	1623
4983	1638
4984	1641
4985	1628
4986	1588
4987	1577
4988	1586
4989	1541
4990	1544
4991	1546
4992	1531
4993	1532
4994	1458
4995	1465
4996	1463
4997	1474
4998	1468
4999	1442
5000	1381
5001	1337
5002	1333
5003	1368
5004	1377
5005	1382
5006	1393
5007	1395
5008	1384
5009	1386
5010	1385
5011	1403
5012	1412
5013	1409
5014	1408
5015	1407
5016	1399
5017	1399
5018	1377
5019	1377
5020	1376
5021	1376
5022	1377
5023	1356
5024	1346
5025	1345
5026	1329
5027	1319
5028	1316
5029	1358
5030	1378
5031	1368
5032	1378
5033	1381
5034	1386
5035	1411
5036	1395
5037	1410
5038	1414
5039	1424
5040	1428
5041	1386
5042	1381
5043	1380
5044	1375
5045	1359
5046	1354
5047	1362
5048	1369
5049	1365
5050	1388
5051	1399
5052	1419
5053	1423
5054	1424
5055	1427
5056	1431
5057	1445
5058	1481
5059	1479
5060	1480
5061	1459
5062	1449
5063	1431
5064	1438
5065	1430
5066	1437
5067	1440
5068	1427
5069	1407
5070	1405
5071	1434
5072	1453
5073	1444
5074	1410
5075	1372
5076	1355
5077	1358
5078	1309
5079	1313
5080	1318
5081	1317
5082	1312
5083	1319
5084	1329
5085	1309
5086	1292
5087	1269
5088	1268
5089	1267
5090	1275
5091	1306
5092	1323
5093	1338
5094	1348
5095	1351
5096	1345
5097	1341
5098	1342
5099	1355
5100	1343
5101	1348
5102	1358
5103	1354
5104	1366
5105	1351
5106	1349
5107	1349
5108	1355
5109	1354
5110	1365
5111	1360
5112	1376
5113	1377
5114	1380
5115	1384
5116	1385
5117	1374
5118	1394
5119	1401
5120	1383
5121	1398
5122	1430
5123	1418
5124	1414
5125	1429
5126	1434
5127	1481
5128	1507
5129	1500
5130	1589
5131	1610
5132	1633
5133	1634
5134	1621
5135	1637
5136	1638
5137	1651
5138	1659
5139	1658
5140	1662
5141	1656
5142	1638
5143	1631
5144	1624
5145	1637
5146	1649
5147	1639
5148	1642
5149	1613
5150	1604
5151	1601
5152	1598
5153	1597
5154	1599
5155	1598
5156	1598
5157	1585
5158	1586
5159	1614
5160	1610
5161	1612
5162	1616
5163	1614
5164	1631
5165	1630
5166	1637
5167	1636
5168	1636
5169	1638
5170	1636
5171	1631
5172	1632
5173	1629
5174	1629
5175	1585
5176	1562
5177	1561
5178	1556
5179	1560
5180	1539
5181	1517
5182	1519
5183	1506
5184	1513
5185	1511
5186	1510
5187	1500
5188	1502
5189	1494
5190	1495
5191	1497
5192	1497
5193	1495
5194	1487
5195	1490
5196	1473
5197	1469
5198	1455
5199	1463
5200	1469
5201	1506
5202	1501
5203	1485
5204	1438
5205	1444
5206	1437
5207	1432
5208	1427
5209	1419
5210	1419
5211	1423
5212	1420
5213	1416
5214	1417
5215	1414
5216	1407
5217	1386
5218	1368
5219	1364
5220	1362
5221	1361
5222	1354
5223	1349
5224	1343
5225	1350
5226	1348
5227	1363
5228	1361
5229	1332
5230	1330
5231	1333
5232	1327
5233	1353
5234	1364
5235	1382
5236	1379
5237	1351
5238	1331
5239	1324
5240	1309
5241	1315
5242	1316
5243	1319
5244	1347
5245	1361
5246	1406
5247	1407
5248	1407
5249	1434
5250	1439
5251	1429
5252	1428
5253	1436
5254	1445
5255	1451
5256	1452
5257	1463
5258	1448
5259	1459
5260	1461
5261	1464
5262	1466
5263	1471
5264	1456
5265	1447
5266	1450
5267	1440
5268	1411
5269	1420
5270	1443
5271	1438
5272	1441
5273	1394
5274	1407
5275	1398
5276	1302
5277	1282
5278	1267
5279	1313
5280	1314
5281	1293
5282	1295
5283	1286
5284	1283
5285	1290
5286	1298
5287	1285
5288	1285
5289	1285
5290	1292
5291	1292
5292	1294
5293	1299
5294	1300
5295	1287
5296	1299
5297	1294
5298	1295
5299	1296
5300	1311
5301	1351
5302	1340
5303	1347
5304	1350
5305	1373
5306	1377
5307	1374
5308	1361
5309	1336
5310	1339
5311	1362
5312	1395
5313	1411
5314	1399
5315	1410
5316	1409
5317	1411
5318	1418
5319	1426
5320	1442
5321	1487
5322	1500
5323	1535
5324	1547
5325	1560
5326	1591
5327	1590
5328	1606
5329	1602
5330	1604
5331	1611
5332	1644
5333	1655
5334	1653
5335	1677
5336	1768
5337	1780
5338	1780
5339	1787
5340	1791
5341	1787
5342	1803
5343	1801
5344	1810
5345	1808
5346	1819
5347	1820
5348	1819
5349	1803
5350	1836
5351	1832
5352	1830
5353	1795
5354	1789
5355	1790
5356	1792
5357	1813
5358	1807
5359	1804
5360	1800
5361	1801
5362	1802
5363	1805
5364	1802
5365	1812
5366	1812
5367	1824
5368	1837
5369	1837
5370	1838
5371	1841
5372	1841
5373	1840
5374	1838
5375	1860
5376	1860
5377	1851
5378	1875
5379	1854
5380	1844
5381	1843
5382	1838
5383	1835
5384	1833
5385	1808
5386	1834
5387	1822
5388	1819
5389	1823
5390	1819
5391	1812
5392	1811
5393	1803
5394	1808
5395	1808
5396	1776
5397	1749
5398	1707
5399	1758
5400	1756
5401	1747
5402	1749
5403	1741
5404	1768
5405	1765
5406	1751
5407	1760
5408	1744
5409	1720
5410	1726
5411	1717
5412	1716
5413	1702
5414	1718
5415	1711
5416	1711
5417	1710
5418	1709
5419	1713
5420	1733
5421	1721
5422	1704
5423	1705
5424	1702
5425	1718
5426	1684
5427	1704
5428	1710
5429	1712
5430	1704
5431	1667
5432	1660
5433	1676
5434	1679
5435	1683
5436	1680
5437	1672
5438	1662
5439	1661
5440	1664
5441	1658
5442	1662
5443	1661
5444	1646
5445	1663
5446	1666
5447	1673
5448	1681
5449	1673
5450	1675
5451	1667
5452	1703
5453	1680
5454	1685
5455	1723
5456	1804
5457	1853
5458	1860
5459	1846
5460	1821
5461	1806
5462	1839
5463	1831
5464	1850
5465	1859
5466	1868
5467	1868
5468	1853
5469	1823
5470	1809
5471	1774
5472	1776
5473	1759
5474	1732
5475	1730
5476	1726
5477	1713
5478	1709
5479	1719
5480	1712
5481	1719
5482	1684
5483	1584
5484	1563
5485	1599
5486	1608
5487	1622
5488	1608
5489	1596
5490	1581
5491	1575
5492	1584
5493	1578
5494	1572
5495	1571
5496	1529
5497	1537
5498	1524
5499	1528
5500	1530
5501	1529
5502	1530
5503	1515
5504	1514
5505	1514
5506	1515
5507	1540
5508	1544
5509	1534
5510	1536
5511	1527
5512	1528
5513	1555
5514	1543
5515	1546
5516	1548
5517	1550
5518	1554
5519	1557
5520	1555
5521	1519
5522	1516
5523	1516
5524	1486
5525	1482
5526	1480
5527	1484
5528	1481
5529	1481
5530	1495
5531	1491
5532	1442
5533	1444
5534	1439
5535	1434
5536	1443
5537	1470
5538	1472
5539	1468
5540	1476
5541	1476
5542	1474
5543	1476
5544	1468
5545	1414
5546	1408
5547	1399
5548	1389
5549	1388
5550	1353
5551	1356
5552	1402
5553	1409
5554	1430
5555	1437
5556	1434
5557	1496
5558	1533
5559	1535
5560	1519
5561	1520
5562	1523
5563	1533
5564	1560
5565	1553
5566	1527
5567	1521
5568	1518
5569	1516
5570	1512
5571	1502
5572	1491
5573	1472
5574	1472
5575	1473
5576	1477
5577	1491
5578	1497
5579	1479
5580	1468
5581	1459
5582	1462
5583	1475
5584	1480
5585	1475
5586	1471
5587	1468
5588	1464
5589	1462
5590	1455
5591	1439
5592	1431
5593	1423
5594	1409
5595	1373
5596	1382
5597	1388
5598	1352
5599	1358
5600	1354
5601	1321
5602	1254
5603	1218
5604	1208
5605	1206
5606	1198
5607	1206
5608	1190
5609	1193
5610	1217
5611	1207
5612	1191
5613	1180
5614	1180
5615	1168
5616	1172
5617	1172
5618	1158
5619	1160
5620	1214
5621	1203
5622	1205
5623	1206
5624	1203
5625	1152
5626	1146
5627	1159
5628	1164
5629	1170
5630	1172
5631	1137
5632	1122
5633	1105
5634	1134
5635	1133
5636	1134
5637	1132
5638	1156
5639	1156
5640	1157
5641	1179
5642	1175
5643	1161
5644	1160
5645	1155
5646	1153
5647	1153
5648	1150
5649	1134
5650	1127
5651	1125
5652	1126
5653	1099
5654	1089
5655	1114
5656	1132
5657	1137
5658	1137
5659	1103
5660	1101
5661	1106
5662	1104
5663	1100
5664	1098
5665	1107
5666	1105
5667	1116
5668	1121
5669	1117
5670	1120
5671	1126
5672	1128
5673	1125
5674	1125
5675	1126
5676	1140
5677	1141
5678	1165
5679	1174
5680	1183
5681	1183
5682	1199
5683	1168
5684	1165
5685	1168
5686	1165
5687	1238
5688	1242
5689	1250
5690	1254
5691	1261
5692	1271
5693	1258
5694	1258
5695	1260
5696	1258
5697	1250
5698	1216
5699	1202
5700	1176
5701	1168
5702	1165
5703	1103
5704	1066
5705	1065
5706	1084
5707	1090
5708	1090
5709	1089
5710	1076
5711	1098
5712	1145
5713	1155
5714	1153
5715	1148
5716	1156
5717	1179
5718	1188
5719	1191
5720	1210
5721	1210
5722	1207
5723	1194
5724	1216
5725	1226
5726	1235
5727	1247
5728	1243
5729	1243
5730	1244
5731	1244
5732	1243
5733	1251
5734	1266
5735	1286
5736	1304
5737	1312
5738	1333
5739	1328
5740	1322
5741	1333
5742	1323
5743	1334
5744	1339
5745	1333
5746	1326
5747	1338
5748	1352
5749	1381
5750	1403
5751	1425
5752	1430
5753	1421
5754	1429
5755	1432
5756	1468
5757	1488
5758	1540
5759	1593
5760	1605
5761	1627
5762	1630
5763	1634
5764	1647
5765	1651
5766	1594
5767	1596
5768	1737
5769	1747
5770	1751
5771	1763
5772	1761
5773	1744
5774	1737
5775	1749
5776	1777
5777	1813
5778	1837
5779	1838
5780	1811
5781	1811
5782	1813
5783	1832
5784	1787
5785	1793
5786	1795
5787	1777
5788	1780
5789	1777
5790	1777
5791	1783
5792	1790
5793	1794
5794	1806
5795	1807
5796	1813
5797	1819
5798	1819
5799	1818
5800	1818
5801	1822
5802	1835
5803	1842
5804	1855
5805	1861
5806	1863
5807	1869
5808	1945
5809	1977
5810	1986
5811	1989
5812	1992
5813	2007
5814	2011
5815	2024
5816	2043
5817	2041
5818	2042
5819	2040
5820	2041
5821	2044
5822	2022
5823	2040
5824	2064
5825	2056
5826	2046
5827	2045
5828	2022
5829	2023
5830	2031
5831	2029
5832	2020
5833	1948
5834	1943
5835	1937
5836	1958
5837	1951
5838	1942
5839	1947
5840	1946
5841	1962
5842	1965
5843	1985
5844	1979
5845	1973
5846	2005
5847	2015
5848	2017
5849	2019
5850	2058
5851	2064
5852	2045
5853	2080
5854	2102
5855	2107
5856	2114
5857	2086
5858	2046
5859	2042
5860	2043
5861	2050
5862	2043
5863	2019
5864	2016
5865	2019
5866	1997
5867	1995
5868	1996
5869	1985
5870	1955
5871	1949
5872	1946
5873	1936
5874	1937
5875	1923
5876	1927
5877	1921
5878	1938
5879	1940
5880	1934
5881	1917
5882	1907
5883	1892
5884	1887
5885	1869
5886	1869
5887	1872
5888	1864
5889	1872
5890	1868
5891	1867
5892	1876
5893	1877
5894	1860
5895	1831
5896	1792
5897	1773
5898	1745
5899	1741
5900	1741
5901	1720
5902	1735
5903	1659
5904	1654
5905	1640
5906	1626
5907	1621
5908	1635
5909	1642
5910	1637
5911	1626
5912	1628
5913	1667
5914	1668
5915	1526
5916	1511
5917	1516
5918	1503
5919	1502
5920	1512
5921	1524
5922	1529
5923	1493
5924	1459
5925	1445
5926	1454
5927	1453
5928	1457
5929	1458
5930	1443
5931	1461
5932	1452
5933	1450
5934	1446
5935	1446
5936	1457
5937	1458
5938	1464
5939	1459
5940	1461
5941	1473
5942	1482
5943	1482
5944	1501
5945	1500
5946	1503
5947	1500
5948	1506
5949	1491
5950	1514
5951	1501
5952	1501
5953	1490
5954	1500
5955	1481
5956	1405
5957	1372
5958	1382
5959	1372
5960	1354
5961	1357
5962	1338
5963	1353
5964	1345
5965	1336
5966	1333
5967	1366
5968	1386
5969	1387
5970	1389
5971	1392
5972	1376
5973	1337
5974	1346
5975	1347
5976	1346
5977	1347
5978	1353
5979	1346
5980	1347
5981	1346
5982	1343
5983	1351
5984	1349
5985	1322
5986	1321
5987	1323
5988	1317
5989	1310
5990	1289
5991	1284
5992	1262
5993	1260
5994	1262
5995	1232
5996	1228
5997	1228
5998	1243
5999	1203
6000	1201
6001	1201
6002	1156
6003	1130
6004	1121
6005	1097
6006	1098
6007	1095
6008	1091
6009	1080
6010	1072
6011	1085
6012	1083
6013	1079
6014	1073
6015	1070
6016	1075
6017	1076
6018	1078
6019	1085
6020	1081
6021	1090
6022	1087
6023	1086
6024	1093
6025	1095
6026	1080
6027	1089
6028	1095
6029	1094
6030	1086
6031	1084
6032	1083
6033	1079
6034	1082
6035	1094
6036	1102
6037	1096
6038	1099
6039	1097
6040	1092
6041	1097
6042	1103
6043	1114
6044	1115
6045	1130
6046	1131
6047	1128
6048	1125
6049	1121
6050	1107
6051	1101
6052	1089
6053	1055
6054	1024
6055	1033
6056	1011
6057	1017
6058	1018
6059	1016
6060	1010
6061	993
6062	1002
6063	1004
6064	1045
6065	1038
6066	1045
6067	1064
6068	1051
6069	1041
6070	1026
6071	1030
6072	1033
6073	1035
6074	1030
6075	1032
6076	1031
6077	1032
6078	1025
6079	1010
6080	1019
6081	1030
6082	1029
6083	1027
6084	1018
6085	1022
6086	1028
6087	1027
6088	1036
6089	1023
6090	1017
6091	1026
6092	1008
6093	1011
6094	1031
6095	1036
6096	1038
6097	992
6098	999
6099	982
6100	985
6101	993
6102	984
6103	1001
6104	1007
6105	1002
6106	1010
6107	1016
6108	1009
6109	1015
6110	1039
6111	1076
6112	1134
6113	1137
6114	1116
6115	1094
6116	1104
6117	1125
6118	1122
6119	1182
6120	1185
6121	1180
6122	1182
6123	1182
6124	1180
6125	1180
6126	1181
6127	1181
6128	1182
6129	1210
6130	1211
6131	1211
6132	1209
6133	1210
6134	1211
6135	1212
6136	1217
6137	1222
6138	1235
6139	1263
6140	1263
6141	1261
6142	1261
6143	1264
6144	1275
6145	1256
6146	1266
6147	1267
6148	1262
6149	1265
6150	1273
6151	1272
6152	1273
6153	1274
6154	1271
6155	1271
6156	1273
6157	1283
6158	1281
6159	1296
6160	1297
6161	1318
6162	1331
6163	1327
6164	1343
6165	1346
6166	1343
6167	1387
6168	1379
6169	1383
6170	1383
6171	1371
6172	1375
6173	1375
6174	1377
6175	1369
6176	1371
6177	1371
6178	1374
6179	1372
6180	1373
6181	1380
6182	1362
6183	1356
6184	1354
6185	1368
6186	1366
6187	1362
6188	1369
6189	1367
6190	1356
6191	1354
6192	1346
6193	1338
6194	1339
6195	1344
6196	1355
6197	1347
6198	1344
6199	1340
6200	1336
6201	1333
6202	1322
6203	1309
6204	1290
6205	1290
6206	1293
6207	1289
6208	1273
6209	1270
6210	1276
6211	1246
6212	1247
6213	1254
6214	1237
6215	1238
6216	1312
6217	1308
6218	1311
6219	1311
6220	1298
6221	1295
6222	1291
6223	1292
6224	1289
6225	1296
6226	1320
6227	1322
6228	1315
6229	1315
6230	1325
6231	1329
6232	1367
6233	1354
6234	1386
6235	1371
6236	1368
6237	1407
6238	1401
6239	1421
6240	1419
6241	1400
6242	1392
6243	1372
6244	1366
6245	1377
6246	1376
6247	1374
6248	1373
6249	1357
6250	1349
6251	1347
6252	1337
6253	1348
6254	1352
6255	1340
6256	1293
6257	1261
6258	1196
6259	1195
6260	1184
6261	1196
6262	1208
6263	1183
6264	1179
6265	1122
6266	1119
6267	1130
6268	1127
6269	1125
6270	1135
6271	1135
6272	1141
6273	1152
6274	1155
6275	1127
6276	1118
6277	1118
6278	1117
6279	1130
6280	1131
6281	1148
6282	1156
6283	1154
6284	1157
6285	1171
6286	1148
6287	1148
6288	1154
6289	1159
6290	1147
6291	1133
6292	1131
6293	1135
6294	1148
6295	1161
6296	1160
6297	1153
6298	1149
6299	1155
6300	1154
6301	1153
6302	1190
6303	1192
6304	1187
6305	1174
6306	1160
6307	1172
6308	1162
6309	1155
6310	1156
6311	1142
6312	1145
6313	1143
6314	1113
6315	1110
6316	1124
6317	1127
6318	1129
6319	1128
6320	1126
6321	1123
6322	1151
6323	1149
6324	1154
6325	1149
6326	1146
6327	1158
6328	1149
6329	1156
6330	1156
6331	1158
6332	1140
6333	1139
6334	1154
6335	1152
6336	1156
6337	1156
6338	1159
6339	1152
6340	1177
6341	1181
6342	1191
6343	1175
6344	1179
6345	1190
6346	1189
6347	1192
6348	1203
6349	1205
6350	1209
6351	1209
6352	1215
6353	1212
6354	1219
6355	1216
6356	1208
6357	1201
6358	1198
6359	1197
6360	1185
6361	1199
6362	1209
6363	1135
6364	1139
6365	1132
6366	1127
6367	1166
6368	1170
6369	1174
6370	1174
6371	1179
6372	1177
6373	1155
6374	1159
6375	1161
6376	1167
6377	1167
6378	1163
6379	1118
6380	1115
6381	1100
6382	1115
6383	1157
6384	1125
6385	1129
6386	1110
6387	1113
6388	1108
6389	1110
6390	1110
6391	1119
6392	1102
6393	1106
6394	1103
6395	1111
6396	1116
6397	1111
6398	1112
6399	1128
6400	1114
6401	1110
6402	1114
6403	1121
6404	1120
6405	1130
6406	1132
6407	1136
6408	1126
6409	1112
6410	1119
6411	1126
6412	1130
6413	1125
6414	1120
6415	1125
6416	1143
6417	1143
6418	1136
6419	1129
6420	1117
6421	1113
6422	1117
6423	1120
6424	1117
6425	1103
6426	1101
6427	1080
6428	1078
6429	1076
6430	1071
6431	1050
6432	1058
6433	1059
6434	1056
6435	1053
6436	1054
6437	1056
6438	1068
6439	1060
6440	1044
6441	1063
6442	1071
6443	1070
6444	1111
6445	1112
6446	1110
6447	1114
6448	1117
6449	1091
6450	1086
6451	1088
6452	1098
6453	1094
6454	1084
6455	1080
6456	1080
6457	1081
6458	1086
6459	1081
6460	1079
6461	1065
6462	1075
6463	1061
6464	1057
6465	1059
6466	1054
6467	1056
6468	1046
6469	1034
6470	1035
6471	1030
6472	1029
6473	1028
6474	1014
6475	1012
6476	1013
6477	1011
6478	1015
6479	1002
6480	999
6481	980
6482	975
6483	968
6484	969
6485	966
6486	968
6487	948
6488	945
6489	931
6490	934
6491	926
6492	917
6493	916
6494	912
6495	908
6496	901
6497	897
6498	899
6499	909
6500	910
6501	987
6502	990
6503	995
6504	994
6505	993
6506	1001
6507	1006
6508	991
6509	980
6510	980
6511	973
6512	991
6513	990
6514	950
6515	940
6516	939
6517	939
6518	940
6519	939
6520	935
6521	919
6522	929
6523	937
6524	926
6525	926
6526	925
6527	923
6528	906
6529	892
6530	840
6531	828
6532	811
6533	806
6534	801
6535	801
6536	796
6537	796
6538	787
6539	787
6540	783
6541	790
6542	793
6543	790
6544	790
6545	787
6546	791
6547	823
6548	841
6549	854
6550	847
6551	858
6552	865
6553	874
6554	900
6555	990
6556	1035
6557	1032
6558	1059
6559	1175
6560	1242
6561	1299
6562	1308
6563	1312
6564	1326
6565	1346
6566	1448
6567	1500
6568	1509
6569	1510
6570	1518
6571	1521
6572	1525
6573	1531
6574	1532
6575	1534
6576	1534
6577	1533
6578	1529
6579	1515
6580	1514
6581	1510
6582	1506
6583	1505
6584	1503
6585	1491
6586	1485
6587	1481
6588	1447
6589	1436
6590	1395
6591	1394
6592	1391
6593	1386
6594	1383
6595	1372
6596	1368
6597	1360
6598	1350
6599	1349
6600	1342
6601	1334
6602	1328
6603	1321
6604	1311
6605	1308
6606	1308
6607	1308
6608	1308
6609	1308
6610	1296
6611	1292
6612	1292
6613	1288
6614	1287
6615	1283
6616	1283
6617	1267
6618	1266
6619	1265
6620	1265
6621	1265
6622	1265
6623	1265
6624	1265
6625	1256
6626	1253
6627	1245
6628	1245
6629	1245
6630	1244
6631	1239
6632	1237
6633	1235
6634	1233
6635	1230
6636	1225
6637	1225
6638	1219
6639	1218
6640	1215
6641	1215
6642	1213
6643	1212
6644	1211
6645	1200
6646	1197
6647	1195
6648	1192
6649	1174
6650	1173
6651	1088
6652	1084
6653	1077
6654	1075
6655	1070
6656	1059
6657	1052
6658	1052
6659	1051
6660	1049
6661	1048
6662	1030
6663	1030
6664	1030
6665	1030
6666	1027
6667	1023
6668	1016
6669	1010
6670	1008
6671	1008
6672	989
6673	974
6674	974
6675	973
6676	973
6677	972
6678	972
6679	970
6680	969
6681	967
6682	967
6683	967
6684	966
6685	966
6686	966
6687	966
6688	963
6689	962
6690	960
6691	952
6692	937
6693	935
6694	935
6695	934
6696	914
6697	879
6698	861
6699	841
6700	837
6701	820
6702	797
6703	783
6704	750
6705	658
6706	603
6707	598
6708	565
6709	440
6710	375
6711	304
6712	288
6713	266
6714	242
6715	222
6716	116
6717	63
6718	53
6719	47
6720	36
6721	32
6722	26
6723	20
6724	15
6725	3
6726	2
6727	2
6728	2
6729	1
6730	1
6731	1
6732	1
6733	1
6734	1