MG693176,MZ218053,MZ218054,MN832787,MT734809,
40.72686142,25.54808925,26.64806027,24.84110012,24.91541369,average
45.56962025,33.75,27.71084337,12.63157895,12.63157895,
44.30379747,32.5,26.5060241,11.57894737,11.57894737,
44.30379747,33.75,27.71084337,11.57894737,11.57894737,
43.75,33.75,28.57142857,11.45833333,11.45833333,
43.20987654,33.75,28.23529412,11.34020619,11.34020619,
42.68292683,33.75,27.90697674,11.2244898,11.2244898,
42.68292683,33.75,27.90697674,11.2244898,11.2244898,
42.68292683,35,29.06976744,11.2244898,11.2244898,
42.68292683,36.25,30.23255814,11.2244898,11.2244898,
42.68292683,36.25,30.23255814,11.2244898,11.2244898,
43.90243902,37.5,31.39534884,12.24489796,12.24489796,
43.90243902,37.5,31.39534884,12.24489796,12.24489796,
43.90243902,36.25,30.23255814,12.24489796,12.24489796,
45.12195122,36.25,30.23255814,12.24489796,12.24489796,
45.12195122,36.25,30.23255814,12.24489796,12.24489796,
43.90243902,36.25,30.23255814,12.24489796,12.24489796,
45.12195122,37.03703704,31.03448276,12.12121212,12.12121212,
46.34146341,37.80487805,31.81818182,13,13,
47.56097561,39.02439024,32.95454545,14,14,
47.56097561,40.24390244,34.09090909,15,15,
47.56097561,40.24390244,34.09090909,16,16,
47.56097561,40.24390244,34.09090909,17,17,
47.56097561,40.24390244,34.09090909,18,18,
47.56097561,39.02439024,32.95454545,19,19,
47.56097561,39.02439024,32.95454545,19,19,
47.56097561,39.02439024,32.95454545,19,19,
48.7804878,37.80487805,31.81818182,19,19,
48.7804878,36.58536585,30.68181818,20,20,
50,36.58536585,30.68181818,20,20,
50,37.80487805,31.81818182,20,20,
51.2195122,39.02439024,32.95454545,21,21,
52.43902439,39.02439024,34.09090909,22,22,
53.65853659,40.24390244,35.22727273,23,23,
54.87804878,40.24390244,36.36363636,24,24,
56.09756098,40.24390244,36.36363636,24,24,
57.31707317,40.24390244,37.5,25,25,
57.8313253,40.96385542,38.63636364,25,25,
58.33333333,41.66666667,39.77272727,26,26,
57.64705882,41.17647059,39.77272727,26,26,
58.13953488,41.86046512,40.90909091,27,27,
58.62068966,41.37931034,40.90909091,27,27,
59.09090909,42.04545455,42.04545455,27,27,
60.22727273,40.90909091,40.90909091,27,27,
61.36363636,42.04545455,42.04545455,28,28,
61.36363636,43.18181818,43.18181818,28,28,
60.22727273,43.18181818,44.31818182,28,28,
60.22727273,42.04545455,44.31818182,28,28,
59.09090909,42.04545455,44.31818182,28,28,
59.09090909,42.04545455,44.31818182,28,28,
57.95454545,42.04545455,44.31818182,28,28,
57.95454545,42.04545455,45.45454545,28,28,
57.95454545,42.04545455,46.59090909,29,29,
58.42696629,41.57303371,46.06741573,29,29,
58.88888889,42.22222222,46.66666667,30,30,
59.34065934,42.85714286,47.25274725,31,31,
58.69565217,43.47826087,47.82608696,31,31,
59.13978495,44.08602151,48.38709677,32,32,
59.57446809,44.68085106,48.93617021,33,33,
60,44.21052632,49.47368421,34,34,
60.41666667,44.79166667,50,35,35,
60.82474227,45.36082474,50.51546392,36,36,
60.20408163,44.89795918,50,36,36,
59.5959596,44.44444444,49.49494949,36,36,
60,45,50,37,37,
60,46,51,38,38,
61,47,52,39,39,
61,47,52,39,39,
62,48,53,40,40,
61,48,54,40,40,
62,48,54,40,40,
62,48,54,40,40,
62,48,54,41,41,
63,48,54,41,41,
63,48,54,41,41,
64,48,54,41,41,
64,47,53,41,41,
64,47,53,41,41,
65,46,53,41,41,
66,45,52,40,40,
65,44,52,40,40,
66,44,52,40,40,
66,45,53,40,40,
67,46,54,39,39,
68,47,55,39,39,
68,47,55,39,39,
68,47,55,39,39,
68,47,55,39,39,
68,48,56,40,40,
68,48,56,40,40,
68,49,57,41,41,
68,50,58,41,41,
69,51,59,42,42,
70,51,59,41,41,
70,50,58,41,41,
70,50,58,41,41,
70,50,58,42,42,
69,50,57,41,41,
69,50,56,41,41,
69,49,55,40,40,
68,49,56,40,40,
69,49,56,40,40,
69,49,56,40,40,
68,48,55,40,40,
69,48,54,40,40,
69,48,55,40,40,
70,48,55,40,40,
69,48,55,40,40,
69,48,54,40,40,
68,47,53,40,40,
69,48,54,41,41,
69,48,54,41,41,
70,49,55,42,42,
70,49,55,42,42,
69.6969697,49,55,42,42,
70.70707071,49,55,42,42,
71.71717172,50,56,43,43,
71.71717172,50,56,44,44,
71.71717172,50,55,43,43,
71.71717172,50,55,43,43,
72.72727273,50,55,43,43,
72.72727273,50,55,43,43,
72.72727273,51,56,43,43,
71.71717172,50,55,43,43,
71.71717172,50,55,42,42,
71.71717172,50,55,43,43,
70.70707071,50,55,43,43,
70.70707071,51,56,44,44,
70.70707071,51,57,44,44,
69.6969697,51,58,45,45,
70.70707071,51,58,45,45,
69.6969697,51,58,45,45,
68.68686869,50,57,44,44,
68.68686869,49,57,43,43,
68.68686869,49,57,43,43,
68.68686869,49,57,43,43,
68.68686869,49,57,43,43,
67.67676768,48,56,44,44,
67.67676768,48,56,44,44,
68.68686869,49,57,45,45,
67.67676768,48,56,44,44,
67.67676768,49,57,45,45,
66.66666667,48,57,45,45,
66.66666667,49,58,46,46,
66.66666667,49,58,46,46,
66.66666667,49,58,46,46,
66.66666667,49,58,47,47,
66.66666667,49,57,47,47,
66.66666667,49,57,47,47,
66.66666667,49,57,47,47,
66.66666667,50,58,48,48,
65.65656566,50,57,49,49,
65.65656566,50,56,48,48,
64.64646465,50,56,49,49,
64.64646465,50,56,49,49,
64.64646465,50,56,49,49,
65.65656566,49,55,49,49,
65.65656566,49,55,49,49,
65.65656566,49,55,49,49,
65.65656566,50,54,48,48,
64.64646465,49,53,47,47,
64.64646465,49,53,47,47,
64.64646465,49,53,47,47,
65.65656566,50,54,48,48,
64.64646465,49,53,48,48,
65.65656566,49,53,48,48,
65.65656566,48,53,47,47,
66.66666667,48,53,47,47,
66.66666667,48,53,47,47,
66.66666667,48,52,47,47,
65.65656566,47,52,46,46,
65.65656566,47,52,46,46,
65.65656566,47,52,46,46,
65.65656566,47,52,46,46,
64.64646465,47,51,46,46,
64.64646465,48,52,47,47,
63.63636364,48,52,47,47,
63.63636364,49,53,48,48,
62.62626263,50,54,49,49,
62.62626263,51,54,50,50,
62.62626263,51,54,50,50,
62.62626263,51,55,51,51,
61.61616162,50,55,51,51,
61.61616162,49,54,51,51,
61.2244898,48.48484848,53,50.50505051,50.50505051,
60.20408163,47.47474747,52,49.49494949,49.49494949,
60.20408163,46.46464646,51,48.48484848,48.48484848,
60.20408163,45.45454545,50,48.48484848,48.48484848,
59.18367347,44.44444444,49,47.47474747,47.47474747,
58.16326531,44.44444444,49,47.47474747,47.47474747,
57.14285714,43.43434343,48,46.46464646,46.46464646,
57.14285714,42.42424242,47,46.46464646,46.46464646,
57.14285714,42.42424242,47,45.45454545,45.45454545,
57.14285714,43.43434343,47,45.45454545,45.45454545,
56.12244898,43.43434343,47,45.45454545,45.45454545,
56.12244898,43.43434343,47,45.45454545,45.45454545,
55.10204082,43.43434343,47,44.44444444,44.44444444,
55.10204082,43.43434343,47,44.44444444,44.44444444,
56.12244898,44.44444444,47,44.44444444,44.44444444,
56.12244898,44.44444444,47,44.44444444,44.44444444,
57.14285714,45.45454545,46,45.45454545,45.45454545,
56.12244898,45.45454545,46,45.45454545,45.45454545,
56.12244898,45.45454545,46,46.46464646,46.46464646,
56.12244898,45.45454545,46,46.46464646,46.46464646,
55.10204082,45.45454545,46,46.46464646,46.46464646,
56.12244898,45.45454545,46,46.46464646,46.46464646,
55.10204082,46.46464646,47,47.47474747,47.47474747,
55.10204082,46.46464646,47,47.47474747,47.47474747,
55.10204082,46.46464646,47,47.47474747,47.47474747,
56.12244898,47.47474747,48,48.48484848,48.48484848,
55.10204082,46.46464646,47,47.47474747,47.47474747,
55.10204082,46.46464646,47,47.47474747,47.47474747,
54.08163265,46.46464646,47,47.47474747,47.47474747,
55.10204082,46.46464646,47,47.47474747,47.47474747,
54.54545455,46.46464646,47,47.47474747,47.47474747,
53.53535354,46.46464646,47,47.47474747,47.47474747,
52.52525253,45.45454545,46,46.46464646,46.46464646,
52.52525253,44.44444444,45,45.45454545,45.45454545,
52.52525253,44.44444444,45,45.45454545,45.45454545,
52.04081633,43.87755102,44.44444444,44.44444444,44.44444444,
51.54639175,43.29896907,43.87755102,43.43434343,43.43434343,
51.04166667,42.70833333,43.29896907,42.42424242,42.42424242,
50.52631579,42.10526316,42.70833333,41.41414141,41.41414141,
50.52631579,43.15789474,42.70833333,40.4040404,40.4040404,
49.47368421,43.15789474,42.70833333,40.4040404,40.4040404,
49.47368421,42.10526316,41.66666667,39.39393939,39.39393939,
50.52631579,42.10526316,41.66666667,39.39393939,39.39393939,
49.47368421,41.05263158,40.625,38.38383838,38.38383838,
49.47368421,41.05263158,39.58333333,37.37373737,37.37373737,
49.47368421,40,38.54166667,36.36363636,36.36363636,
49.47368421,38.94736842,37.5,35.35353535,35.35353535,
49.47368421,37.89473684,36.45833333,34.34343434,34.34343434,
49.47368421,37.89473684,36.45833333,35.35353535,35.35353535,
49.47368421,38.94736842,36.45833333,36.36363636,36.36363636,
49.47368421,38.94736842,36.45833333,36.36363636,36.36363636,
49.47368421,38.94736842,36.45833333,37.37373737,37.37373737,
49.47368421,37.89473684,36.45833333,36.36363636,36.36363636,
50.52631579,37.89473684,36.45833333,35.35353535,35.35353535,
50.52631579,36.84210526,35.41666667,34.34343434,34.34343434,
50.52631579,35.78947368,35.41666667,33.33333333,33.33333333,
51.57894737,36.84210526,36.45833333,34.34343434,34.34343434,
51.57894737,36.84210526,36.45833333,34.34343434,34.34343434,
51.57894737,36.84210526,35.41666667,35.35353535,35.35353535,
50.52631579,35.78947368,34.375,35.35353535,35.35353535,
49.47368421,35.78947368,34.375,35.35353535,35.35353535,
48.42105263,34.73684211,33.33333333,35.35353535,35.35353535,
48.42105263,35.78947368,32.29166667,34.34343434,34.34343434,
48.42105263,35.78947368,33.33333333,35.35353535,35.35353535,
48.42105263,35.78947368,33.33333333,35.35353535,35.35353535,
48.42105263,36.84210526,34.375,36.36363636,36.36363636,
48.42105263,35.78947368,33.33333333,35.35353535,35.35353535,
49.47368421,36.84210526,33.33333333,35.35353535,35.35353535,
50.52631579,37.89473684,34.375,36.36363636,36.36363636,
51.57894737,38.94736842,35.41666667,36.36363636,36.36363636,
51.57894737,38.94736842,35.41666667,36.36363636,36.36363636,
51.57894737,38.94736842,35.41666667,36.36363636,36.36363636,
50.52631579,38.94736842,35.41666667,36.36363636,36.36363636,
50.52631579,38.94736842,35.41666667,36.36363636,36.36363636,
50.52631579,38.94736842,35.41666667,36.36363636,36.36363636,
50.52631579,37.89473684,36.45833333,37.37373737,37.37373737,
50.52631579,37.89473684,36.45833333,37.37373737,37.37373737,
50.52631579,37.89473684,36.45833333,37.37373737,37.37373737,
51.57894737,38.94736842,37.5,38.38383838,38.38383838,
50.52631579,37.89473684,36.45833333,37.37373737,37.37373737,
51.57894737,38.94736842,37.5,37.37373737,37.37373737,
51.57894737,38.94736842,37.5,37.37373737,37.37373737,
50.52631579,38.94736842,36.45833333,37.37373737,37.37373737,
50.52631579,40,37.5,38.38383838,38.38383838,
49.47368421,38.94736842,36.45833333,37.37373737,37.37373737,
50.52631579,38.94736842,37.5,37.37373737,37.37373737,
50.52631579,38.94736842,36.45833333,38.38383838,38.38383838,
49.47368421,40,37.5,39.39393939,39.39393939,
48.42105263,38.94736842,36.45833333,38.38383838,38.38383838,
47.36842105,38.94736842,36.45833333,38.38383838,38.38383838,
47.36842105,37.89473684,36.45833333,38.38383838,38.38383838,
46.31578947,36.84210526,35.41666667,37.37373737,37.37373737,
47.36842105,36.84210526,35.41666667,37.37373737,37.37373737,
47.36842105,35.78947368,34.375,36.36363636,36.36363636,
47.36842105,34.73684211,33.33333333,35.35353535,35.35353535,
46.31578947,33.68421053,33.33333333,34.34343434,34.34343434,
47.36842105,33.68421053,34.375,35.35353535,35.35353535,
46.31578947,33.68421053,33.33333333,35.35353535,35.35353535,
47.36842105,34.73684211,33.33333333,35.35353535,35.35353535,
47.36842105,35.78947368,34.375,36.36363636,36.36363636,
46.875,35.41666667,34.375,36,36,
47.91666667,36.45833333,35.41666667,37,37,
47.91666667,37.5,36.45833333,38,38,
47.91666667,37.5,36.45833333,38,38,
48.95833333,37.5,36.45833333,38,38,
50,38.54166667,37.5,39,39,
51.04166667,38.54166667,37.5,39,39,
51.04166667,38.54166667,37.5,39,39,
51.04166667,37.5,37.5,40,40,
50,36.45833333,37.5,40,40,
51.04166667,37.5,38.54166667,41,41,
51.04166667,37.5,38.54166667,41,41,
51.04166667,36.45833333,37.5,41,41,
51.04166667,36.45833333,37.5,41,41,
50,35.41666667,37.5,41,41,
50,35.41666667,37.5,41,41,
48.95833333,34.375,37.5,40.4040404,40.4040404,
48.95833333,34.375,37.5,40.4040404,40.4040404,
48.95833333,34.375,37.5,39.39393939,39.39393939,
48.95833333,34.375,37.5,39.39393939,39.39393939,
48.95833333,34.375,37.5,39.39393939,39.39393939,
47.91666667,34.375,36.45833333,39.39393939,39.39393939,
48.95833333,33.33333333,35.41666667,38.38383838,38.38383838,
48.95833333,33.33333333,35.41666667,38.38383838,38.38383838,
48.95833333,32.29166667,36.45833333,38.38383838,38.38383838,
47.91666667,31.25,35.41666667,37.37373737,37.37373737,
48.95833333,31.25,35.41666667,37.37373737,37.37373737,
47.91666667,30.20833333,34.375,36.36363636,36.36363636,
48.95833333,30.20833333,34.375,35.35353535,35.35353535,
47.91666667,30.20833333,34.375,35.35353535,35.35353535,
48.95833333,31.25,35.41666667,36.36363636,36.36363636,
50,32.29166667,36.45833333,37.37373737,37.37373737,
51.04166667,32.29166667,37.5,37.37373737,37.37373737,
51.04166667,33.33333333,38.54166667,38.38383838,38.38383838,
51.04166667,32.29166667,38.54166667,38.38383838,38.38383838,
51.54639175,32.98969072,39.17525773,39.39393939,39.39393939,
52.04081633,33.67346939,39.79591837,40.4040404,40.4040404,
51.51515152,33.33333333,39.39393939,40.4040404,40.4040404,
52,34,40,41.41414141,41.41414141,
53,33,40,42.42424242,42.42424242,
53,33,40,42.42424242,42.42424242,
52,33,40,42.42424242,42.42424242,
51,34,40,42.42424242,42.42424242,
51,34,40,43.43434343,43.43434343,
50,34,41,43.43434343,43.43434343,
50,34,41,43.43434343,43.43434343,
49,35,41,43.43434343,43.43434343,
49,35,42,43.43434343,43.43434343,
49,35,43,42.42424242,42.42424242,
49,34,42,41.41414141,41.41414141,
48,34,41,40.4040404,40.4040404,
47.47474747,34,41,39.39393939,39.39393939,
46.93877551,34,40,39.39393939,39.39393939,
46.39175258,34,40,39.39393939,39.39393939,
45.83333333,34,40,39.39393939,39.39393939,
45.26315789,34,39,39.39393939,39.39393939,
45.26315789,34,39,39.39393939,39.39393939,
44.21052632,34,39,38.38383838,38.38383838,
44.21052632,34,39,37.37373737,37.37373737,
44.21052632,35,40,37.37373737,37.37373737,
44.21052632,34,39,36.36363636,36.36363636,
44.21052632,34,39,36.36363636,36.36363636,
44.21052632,33,39,36.36363636,36.36363636,
44.21052632,33,38,35.35353535,35.35353535,
44.21052632,33,38,35.35353535,35.35353535,
45.26315789,32,37,34.34343434,34.34343434,
46.31578947,32,37,34.34343434,34.34343434,
45.26315789,31,37,33.33333333,33.33333333,
44.21052632,30,36,32.32323232,32.32323232,
44.21052632,30,35,31.31313131,31.31313131,
43.15789474,29,34,30.3030303,30.3030303,
42.10526316,28,33,30.3030303,30.3030303,
43.15789474,28,33,30.3030303,30.3030303,
42.10526316,27,32,29.29292929,29.29292929,
41.05263158,26,31,28.28282828,28.28282828,
40,26,30,27.27272727,27.27272727,
41.05263158,26,30,27.27272727,27.27272727,
40,25,29,26.26262626,26.26262626,
40,24,28,25.25252525,25.25252525,
40,24,28,25.25252525,25.25252525,
38.94736842,23,27,25.25252525,24.24242424,
38.94736842,23,26,25.25252525,24.24242424,
38.94736842,24,27,26.26262626,25.25252525,
37.89473684,24,26,25.25252525,24.24242424,
37.89473684,24,26,25.25252525,24.24242424,
37.23404255,24,25,25.25252525,24.24242424,
37.6344086,24,25,24.24242424,23.23232323,
38.04347826,23,24,23.23232323,22.22222222,
38.46153846,23.23232323,24,23.23232323,22.22222222,
38.88888889,23.46938776,24,23.23232323,22.22222222,
39.3258427,23.71134021,24.24242424,23.23232323,22.22222222,
39.77272727,23.95833333,24.48979592,23.23232323,22.22222222,
39.08045977,24.21052632,24.74226804,23.23232323,22.22222222,
38.37209302,24.46808511,25,23.23232323,22.22222222,
39.53488372,24.46808511,25,23.23232323,22.22222222,
39.53488372,24.46808511,25,23.23232323,22.22222222,
39.53488372,25.53191489,25,22.22222222,21.21212121,
39.53488372,25.53191489,25,21.21212121,20.2020202,
39.53488372,24.46808511,23.95833333,20.2020202,19.19191919,
38.37209302,23.40425532,22.91666667,19.19191919,18.18181818,
39.53488372,23.40425532,23.95833333,20.2020202,18.18181818,
38.37209302,22.34042553,22.91666667,19.19191919,17.17171717,
37.64705882,21.50537634,21.875,18.36734694,16.32653061,
36.9047619,21.73913043,21.875,18.55670103,16.49484536,
35.71428571,21.73913043,21.875,18.55670103,16.49484536,
35.71428571,21.73913043,21.875,18.55670103,16.49484536,
34.52380952,21.97802198,22.10526316,18.55670103,16.49484536,
34.52380952,22.22222222,22.34042553,18.55670103,16.49484536,
33.33333333,22.22222222,21.27659574,17.5257732,15.46391753,
33.33333333,22.22222222,21.27659574,18.55670103,15.46391753,
32.14285714,21.11111111,20.21276596,17.5257732,14.43298969,
32.14285714,21.11111111,20.21276596,17.5257732,14.43298969,
33.33333333,21.11111111,20.21276596,17.5257732,15.46391753,
34.52380952,21.11111111,20.21276596,17.5257732,15.46391753,
34.52380952,21.11111111,20.21276596,17.5257732,15.46391753,
34.52380952,21.11111111,20.21276596,17.5257732,15.46391753,
34.52380952,21.11111111,20.21276596,17.34693878,15.30612245,
34.52380952,21.11111111,21.27659574,17.34693878,15.30612245,
35.71428571,21.11111111,21.27659574,17.34693878,15.30612245,
35.71428571,21.11111111,21.27659574,17.34693878,15.30612245,
36.9047619,21.11111111,21.27659574,17.34693878,15.30612245,
36.9047619,21.11111111,21.27659574,17.34693878,15.30612245,
35.71428571,21.11111111,21.27659574,17.34693878,15.30612245,
35.71428571,21.11111111,21.27659574,17.34693878,15.30612245,
34.52380952,21.11111111,21.27659574,17.34693878,15.30612245,
34.52380952,21.11111111,21.27659574,17.34693878,15.30612245,
34.52380952,21.11111111,21.27659574,17.34693878,15.30612245,
34.93975904,21.34831461,21.27659574,17.5257732,15.46391753,
34.14634146,20.45454545,20.21276596,17.70833333,15.625,
34.56790123,20.68965517,20.21276596,17.89473684,15.78947368,
33.75,19.76744186,19.14893617,17.0212766,14.89361702,
32.5,18.60465116,18.08510638,15.95744681,13.82978723,
31.25,19.76744186,18.08510638,17.0212766,14.89361702,
30,19.76744186,17.0212766,15.95744681,13.82978723,
30,19.76744186,17.0212766,15.95744681,13.82978723,
28.75,18.60465116,15.95744681,14.89361702,12.76595745,
27.5,17.44186047,14.89361702,13.82978723,11.70212766,
27.5,17.44186047,14.89361702,13.82978723,11.70212766,
26.25,16.27906977,13.82978723,12.76595745,10.63829787,
25,16.27906977,13.82978723,11.70212766,9.574468085,
26.25,16.27906977,13.82978723,11.70212766,9.574468085,
27.5,17.44186047,13.82978723,11.70212766,9.574468085,
27.5,16.27906977,13.82978723,11.70212766,9.574468085,
27.5,16.27906977,13.82978723,10.63829787,8.510638298,
27.5,16.27906977,12.76595745,10.63829787,8.510638298,
27.5,16.27906977,12.76595745,10.63829787,8.510638298,
27.5,15.11627907,12.76595745,11.70212766,9.574468085,
27.5,15.11627907,11.70212766,11.70212766,9.574468085,
27.5,15.11627907,10.63829787,12.76595745,10.63829787,
26.25,15.11627907,10.63829787,12.76595745,10.63829787,
26.25,13.95348837,10.63829787,12.76595745,10.63829787,
25.92592593,13.95348837,10.63829787,13.82978723,11.70212766,
26.82926829,13.95348837,11.70212766,13.82978723,11.70212766,
26.82926829,14.11764706,11.70212766,13.97849462,11.82795699,
26.82926829,14.28571429,11.70212766,14.13043478,11.95652174,
26.82926829,14.45783133,11.70212766,14.28571429,12.08791209,
25.92592593,13.41463415,10.63829787,13.33333333,11.11111111,
26.25,12.34567901,9.574468085,13.48314607,11.23595506,
26.58227848,12.5,9.574468085,13.63636364,11.36363636,
26.92307692,11.39240506,8.510638298,12.64367816,10.34482759,
26.92307692,11.39240506,8.510638298,12.64367816,10.34482759,
26.92307692,11.39240506,8.510638298,12.64367816,10.34482759,
26.92307692,11.39240506,8.510638298,12.64367816,10.34482759,
26.92307692,11.39240506,8.510638298,13.79310345,11.49425287,
28.20512821,11.39240506,8.510638298,13.79310345,11.49425287,
26.92307692,11.39240506,8.510638298,13.79310345,11.49425287,
25.64102564,11.39240506,8.510638298,13.79310345,11.49425287,
26.92307692,11.39240506,8.510638298,13.79310345,11.49425287,
28.20512821,11.39240506,8.510638298,13.79310345,11.49425287,
26.92307692,10.12658228,8.510638298,13.79310345,11.49425287,
26.92307692,10.12658228,8.510638298,13.79310345,11.49425287,
28.20512821,10.12658228,8.510638298,12.64367816,10.34482759,
26.92307692,10.12658228,8.510638298,12.64367816,10.34482759,
26.92307692,11.39240506,9.574468085,12.64367816,10.34482759,
26.92307692,11.39240506,9.574468085,12.64367816,10.34482759,
27.27272727,11.53846154,9.574468085,12.79069767,10.46511628,
26.31578947,11.68831169,9.574468085,12.94117647,10.58823529,
26.66666667,11.84210526,9.574468085,13.0952381,10.71428571,
25.67567568,12,9.574468085,13.25301205,10.84337349,
26.02739726,12.16216216,9.574468085,13.41463415,10.97560976,
26.02739726,12.16216216,9.574468085,12.19512195,10.97560976,
24.65753425,10.81081081,9.574468085,10.97560976,9.756097561,
24.65753425,10.81081081,8.510638298,9.756097561,8.536585366,
26.02739726,9.459459459,8.510638298,9.756097561,8.536585366,
27.39726027,9.459459459,8.510638298,9.756097561,8.536585366,
27.02702703,9.459459459,8.510638298,9.756097561,8.536585366,
26.66666667,10.81081081,9.574468085,10.97560976,9.756097561,
27.63157895,10.81081081,9.574468085,12.19512195,10.97560976,
27.27272727,10.66666667,9.574468085,12.19512195,10.97560976,
26.92307692,10.52631579,9.574468085,12.19512195,10.97560976,
26.58227848,10.38961039,9.473684211,12.19512195,10.97560976,
26.25,10.25641026,10.41666667,12.19512195,10.97560976,
25.92592593,10.12658228,10.30927835,12.19512195,10.97560976,
25.6097561,10,10.20408163,12.19512195,10.97560976,
24.3902439,10,10.20408163,12.19512195,10.97560976,
25.6097561,10,10.20408163,12.19512195,10.97560976,
24.3902439,8.75,9.183673469,12.19512195,10.97560976,
24.3902439,8.75,9.183673469,12.19512195,10.97560976,
23.17073171,8.75,9.183673469,12.19512195,10.97560976,
23.17073171,8.75,9.183673469,12.19512195,10.97560976,
22.22222222,8.75,8.24742268,11.11111111,11.11111111,
22.5,8.75,8.333333333,11.25,11.25,
22.5,8.641975309,8.421052632,11.25,11.25,
23.45679012,8.536585366,8.421052632,11.11111111,11.11111111,
23.45679012,8.536585366,8.421052632,11.11111111,11.11111111,
23.45679012,7.317073171,7.368421053,9.87654321,9.87654321,
24.69135802,7.228915663,7.291666667,9.87654321,9.87654321,
25.92592593,7.142857143,7.216494845,9.87654321,9.87654321,
25.92592593,7.142857143,7.216494845,9.87654321,9.87654321,
25.92592593,7.142857143,7.216494845,8.641975309,9.87654321,
25.92592593,8.333333333,7.216494845,8.641975309,9.87654321,
25.92592593,8.333333333,7.216494845,8.641975309,9.87654321,
24.69135802,8.333333333,7.216494845,8.641975309,8.641975309,
23.45679012,8.333333333,7.216494845,8.641975309,8.641975309,
23.45679012,8.333333333,8.24742268,8.641975309,8.641975309,
23.45679012,8.333333333,8.24742268,9.87654321,9.87654321,
23.45679012,8.333333333,8.24742268,9.87654321,9.87654321,
23.45679012,9.523809524,7.216494845,9.87654321,9.87654321,
23.45679012,10.71428571,7.216494845,11.11111111,11.11111111,
23.45679012,11.9047619,7.216494845,11.11111111,11.11111111,
23.45679012,11.9047619,7.216494845,11.11111111,11.11111111,
24.69135802,11.9047619,7.216494845,11.11111111,11.11111111,
24.69135802,11.9047619,7.216494845,11.11111111,11.11111111,
24.69135802,11.9047619,8.24742268,11.11111111,11.11111111,
24.69135802,11.9047619,7.216494845,11.11111111,11.11111111,
24.69135802,11.9047619,7.216494845,12.34567901,12.34567901,
24.69135802,11.9047619,7.216494845,12.34567901,12.34567901,
24.3902439,11.76470588,7.216494845,12.19512195,12.19512195,
24.09638554,11.62790698,7.216494845,12.04819277,12.04819277,
23.80952381,12.64367816,7.216494845,13.0952381,13.0952381,
24.70588235,12.5,7.216494845,12.94117647,12.94117647,
24.70588235,12.5,7.216494845,14.11764706,14.11764706,
24.70588235,11.36363636,6.18556701,12.94117647,12.94117647,
24.70588235,10.22727273,6.18556701,12.94117647,12.94117647,
23.52941176,10.22727273,6.18556701,12.94117647,12.94117647,
23.52941176,10.22727273,6.18556701,12.94117647,12.94117647,
23.52941176,10.22727273,6.18556701,14.11764706,14.11764706,
23.80952381,10.34482759,6.25,14.11764706,14.11764706,
25,10.34482759,6.25,15.29411765,15.29411765,
25,10.34482759,6.25,15.29411765,15.29411765,
23.80952381,10.34482759,6.25,15.29411765,15.29411765,
22.61904762,9.195402299,6.25,16.47058824,16.47058824,
23.80952381,9.195402299,6.25,16.47058824,17.64705882,
25,9.195402299,6.25,16.47058824,17.64705882,
25,9.195402299,6.25,16.47058824,17.64705882,
25,9.195402299,6.315789474,16.47058824,17.64705882,
25,9.302325581,6.382978723,15.47619048,16.66666667,
25,9.302325581,6.451612903,15.47619048,16.66666667,
25,9.302325581,6.52173913,14.28571429,15.47619048,
26.19047619,9.302325581,6.52173913,14.28571429,15.47619048,
26.19047619,9.302325581,6.52173913,15.47619048,16.66666667,
27.38095238,9.302325581,6.52173913,15.47619048,16.66666667,
26.19047619,9.302325581,5.434782609,16.66666667,17.85714286,
27.05882353,9.195402299,5.434782609,16.47058824,17.64705882,
27.90697674,9.090909091,5.434782609,16.27906977,17.44186047,
27.5862069,8.988764045,5.434782609,16.09195402,17.24137931,
27.27272727,8.888888889,5.434782609,17.04545455,18.18181818,
26.96629213,8.791208791,5.434782609,16.85393258,17.97752809,
26.66666667,8.695652174,5.434782609,16.66666667,17.77777778,
27.47252747,8.602150538,5.434782609,16.48351648,17.58241758,
27.77777778,8.695652174,5.494505495,16.48351648,17.58241758,
28.08988764,8.791208791,5.555555556,16.48351648,17.58241758,
28.40909091,8.888888889,5.617977528,16.48351648,17.58241758,
28.73563218,8.988764045,5.681818182,15.38461538,16.48351648,
27.90697674,9.090909091,5.747126437,15.38461538,16.48351648,
28.23529412,9.195402299,5.813953488,15.38461538,16.48351648,
28.57142857,9.302325581,5.882352941,15.38461538,16.48351648,
27.71084337,9.411764706,5.952380952,15.38461538,16.48351648,
26.82926829,9.523809524,6.024096386,15.38461538,16.48351648,
27.16049383,9.638554217,6.097560976,15.38461538,16.48351648,
27.5,9.756097561,6.172839506,15.38461538,16.48351648,
26.58227848,9.87654321,6.25,15.38461538,16.48351648,
26.58227848,9.87654321,6.25,16.48351648,17.58241758,
26.58227848,8.641975309,5,16.48351648,17.58241758,
26.58227848,8.641975309,5,16.48351648,17.58241758,
26.25,8.536585366,5,16.30434783,17.39130435,
27.16049383,8.43373494,5,16.12903226,17.20430108,
26.82926829,8.333333333,5,15.95744681,17.0212766,
26.5060241,8.235294118,5,15.78947368,16.84210526,
27.38095238,8.139534884,5,15.625,16.66666667,
28.57142857,8.139534884,5,15.625,16.66666667,
28.57142857,8.139534884,5,15.625,16.66666667,
28.57142857,6.976744186,5,15.625,16.66666667,
27.38095238,6.976744186,5,15.625,16.66666667,
26.19047619,6.976744186,5,15.625,16.66666667,
26.19047619,6.976744186,5,15.625,16.66666667,
26.19047619,5.813953488,3.75,14.58333333,15.625,
25,5.813953488,3.75,14.58333333,15.625,
25,5.813953488,3.75,14.58333333,15.625,
25,5.882352941,3.797468354,14.58333333,15.625,
25,5.882352941,3.797468354,14.58333333,15.625,
25,5.882352941,2.53164557,14.58333333,15.625,
25,5.882352941,3.797468354,14.58333333,15.625,
26.19047619,7.058823529,3.797468354,14.58333333,15.625,
26.19047619,7.058823529,3.797468354,14.58333333,15.625,
26.19047619,8.235294118,3.797468354,15.625,16.66666667,
26.19047619,8.235294118,3.797468354,15.625,16.66666667,
27.38095238,8.235294118,5.063291139,15.625,16.66666667,
27.38095238,8.235294118,5.063291139,15.625,16.66666667,
27.38095238,8.235294118,5.063291139,15.625,16.66666667,
27.05882353,8.235294118,5,15.46391753,16.49484536,
26.74418605,8.235294118,4.938271605,15.30612245,16.32653061,
26.43678161,8.235294118,4.87804878,16.16161616,17.17171717,
25.28735632,8.235294118,4.87804878,16.16161616,17.17171717,
26.43678161,8.235294118,4.87804878,17.17171717,18.18181818,
26.43678161,9.411764706,6.097560976,17.17171717,18.18181818,
25.28735632,10.58823529,7.317073171,18.18181818,19.19191919,
24.13793103,10.58823529,7.317073171,18.18181818,19.19191919,
24.13793103,10.58823529,7.317073171,18.18181818,19.19191919,
25.28735632,10.58823529,7.317073171,18.18181818,19.19191919,
25.28735632,9.411764706,7.317073171,18.18181818,19.19191919,
26.43678161,9.411764706,7.317073171,18.18181818,19.19191919,
26.43678161,9.411764706,8.536585366,18.18181818,19.19191919,
27.5862069,9.411764706,8.536585366,18.18181818,19.19191919,
27.5862069,9.411764706,7.317073171,18.18181818,19.19191919,
27.5862069,9.411764706,7.317073171,17.17171717,18.18181818,
28.73563218,9.411764706,7.317073171,17.17171717,18.18181818,
28.73563218,8.235294118,7.317073171,17.17171717,18.18181818,
27.90697674,7.142857143,7.317073171,16.32653061,17.34693878,
28.23529412,6.024096386,7.317073171,16.49484536,17.5257732,
27.38095238,6.097560976,7.317073171,16.66666667,17.70833333,
26.5060241,6.172839506,7.317073171,16.84210526,17.89473684,
26.82926829,6.25,7.317073171,17.0212766,18.08510638,
27.16049383,6.329113924,6.097560976,17.20430108,18.27956989,
27.5,6.41025641,6.097560976,17.39130435,18.47826087,
27.5,6.41025641,6.097560976,16.30434783,17.39130435,
26.25,7.692307692,7.317073171,17.39130435,18.47826087,
26.25,7.692307692,7.317073171,17.39130435,18.47826087,
27.5,7.692307692,7.317073171,17.39130435,18.47826087,
28.75,6.41025641,7.317073171,16.30434783,17.39130435,
27.5,6.41025641,7.317073171,16.30434783,17.39130435,
27.5,6.41025641,7.317073171,15.2173913,16.30434783,
27.5,6.41025641,7.317073171,15.2173913,16.30434783,
27.5,6.41025641,7.317073171,15.2173913,16.30434783,
27.5,6.41025641,7.317073171,15.2173913,16.30434783,
27.5,6.41025641,7.317073171,15.2173913,16.30434783,
27.5,6.41025641,7.317073171,14.13043478,15.2173913,
27.16049383,6.329113924,7.228915663,15.2173913,16.30434783,
25.92592593,6.329113924,7.228915663,14.13043478,15.2173913,
25.92592593,7.594936709,8.43373494,14.13043478,15.2173913,
25.92592593,7.594936709,8.43373494,14.13043478,15.2173913,
25.92592593,7.594936709,8.43373494,13.04347826,14.13043478,
24.69135802,7.594936709,8.43373494,13.04347826,13.04347826,
23.45679012,7.594936709,8.43373494,13.04347826,13.04347826,
23.45679012,7.594936709,8.43373494,13.04347826,13.04347826,
23.45679012,7.594936709,8.333333333,13.04347826,13.04347826,
23.45679012,7.5,8.235294118,12.90322581,12.90322581,
24.69135802,8.75,9.302325581,13.97849462,13.97849462,
24.69135802,8.75,9.195402299,13.97849462,13.97849462,
23.45679012,8.75,9.195402299,15.05376344,15.05376344,
23.45679012,8.75,10.34482759,13.97849462,13.97849462,
22.22222222,8.75,10.34482759,12.90322581,12.90322581,
22.22222222,10,10.34482759,11.82795699,11.82795699,
20.98765432,10,10.34482759,11.82795699,11.82795699,
19.75308642,10,10.34482759,11.82795699,11.82795699,
20.98765432,10,10.34482759,12.90322581,12.90322581,
22.22222222,10,10.34482759,11.82795699,11.82795699,
22.22222222,10,11.49425287,11.82795699,11.82795699,
22.22222222,10,11.49425287,11.82795699,11.82795699,
22.22222222,10,11.49425287,11.82795699,11.82795699,
21.95121951,9.87654321,11.36363636,11.82795699,11.82795699,
22.89156627,9.756097561,11.23595506,11.82795699,11.82795699,
22.61904762,9.638554217,11.11111111,11.82795699,11.82795699,
22.35294118,9.523809524,10.98901099,11.82795699,11.82795699,
22.09302326,9.411764706,10.86956522,11.82795699,11.82795699,
22.98850575,9.302325581,11.82795699,11.82795699,11.82795699,
23.86363636,9.195402299,11.70212766,11.82795699,11.82795699,
23.59550562,9.090909091,11.57894737,11.82795699,11.82795699,
23.33333333,8.988764045,11.45833333,11.82795699,11.82795699,
23.07692308,8.888888889,11.34020619,11.82795699,11.82795699,
22.82608696,8.791208791,11.2244898,11.82795699,11.82795699,
22.58064516,8.695652174,11.11111111,11.82795699,11.82795699,
22.58064516,8.695652174,11.11111111,10.75268817,10.75268817,
22.58064516,9.782608696,11.11111111,10.75268817,10.75268817,
23.65591398,9.782608696,11.11111111,11.82795699,11.82795699,
24.7311828,9.782608696,11.11111111,11.82795699,11.82795699,
24.7311828,9.782608696,11.11111111,11.82795699,11.82795699,
25.80645161,9.782608696,11.11111111,12.90322581,12.90322581,
25.80645161,9.782608696,11.11111111,12.90322581,12.90322581,
24.7311828,9.782608696,11.11111111,12.90322581,12.90322581,
23.65591398,9.782608696,11.11111111,12.90322581,12.90322581,
23.65591398,9.782608696,11.11111111,12.90322581,12.90322581,
23.65591398,9.782608696,11.11111111,12.90322581,12.90322581,
23.65591398,9.782608696,11.11111111,12.90322581,12.90322581,
24.7311828,9.782608696,11.11111111,12.90322581,12.90322581,
25.80645161,9.782608696,11.11111111,12.90322581,12.90322581,
25.80645161,9.782608696,11.11111111,12.90322581,12.90322581,
26.88172043,9.782608696,11.11111111,11.82795699,11.82795699,
27.95698925,9.782608696,11.11111111,11.82795699,11.82795699,
27.95698925,9.677419355,11,11.82795699,11.82795699,
27.95698925,9.677419355,11,12.90322581,12.90322581,
29.03225806,9.677419355,11,12.90322581,12.90322581,
30.10752688,9.677419355,10,12.90322581,12.90322581,
29.03225806,8.602150538,11,13.97849462,13.97849462,
29.03225806,8.602150538,11,13.97849462,13.97849462,
27.95698925,8.602150538,12,13.97849462,13.97849462,
27.95698925,8.602150538,12,13.97849462,13.97849462,
26.88172043,8.602150538,11,13.97849462,13.97849462,
26.88172043,8.602150538,11,13.97849462,13.97849462,
26.88172043,9.677419355,12,15.05376344,15.05376344,
26.88172043,9.677419355,13,15.05376344,16.12903226,
26.88172043,9.677419355,13,15.05376344,16.12903226,
27.17391304,9.782608696,13.13131313,13.97849462,15.05376344,
27.47252747,9.89010989,13.26530612,13.97849462,15.05376344,
26.66666667,9.89010989,13.26530612,12.90322581,13.97849462,
25.84269663,8.791208791,12.24489796,12.90322581,13.97849462,
26.13636364,7.692307692,11.2244898,11.82795699,12.90322581,
26.43678161,7.692307692,11.2244898,11.82795699,12.90322581,
26.74418605,7.692307692,11.2244898,11.82795699,12.90322581,
25.58139535,7.692307692,11.2244898,11.82795699,12.90322581,
25.58139535,7.692307692,11.2244898,11.82795699,12.90322581,
24.41860465,7.692307692,11.2244898,11.82795699,12.90322581,
24.41860465,7.692307692,10.20408163,11.82795699,12.90322581,
23.25581395,7.692307692,10.20408163,11.82795699,12.90322581,
23.25581395,7.692307692,10.20408163,11.82795699,12.90322581,
23.52941176,7.777777778,10.20408163,11.82795699,12.90322581,
22.61904762,7.777777778,10.20408163,11.82795699,12.90322581,
22.89156627,7.777777778,10.20408163,11.82795699,12.90322581,
22.89156627,7.692307692,10.20408163,11.70212766,12.76595745,
22.89156627,7.608695652,10.20408163,11.57894737,12.63157895,
22.61904762,7.52688172,10.20408163,11.45833333,12.5,
22.35294118,8.510638298,11.2244898,11.34020619,12.37113402,
22.09302326,8.421052632,11.2244898,11.2244898,12.24489796,
21.83908046,8.333333333,11.2244898,11.11111111,12.12121212,
22.72727273,9.278350515,12.24489796,12,13,
22.72727273,9.278350515,12.24489796,12,14,
23.86363636,8.24742268,11.2244898,11,13,
25,9.278350515,12.24489796,11,13,
23.86363636,9.278350515,12.24489796,11,13,
23.86363636,9.278350515,13.26530612,12,14,
23.86363636,9.278350515,14.28571429,12,14,
24.13793103,9.278350515,14.28571429,12,14,
24.41860465,9.375,14.43298969,12,14,
24.70588235,9.473684211,14.58333333,12,14,
25,9.574468085,14.73684211,12,14,
25.30120482,9.677419355,14.89361702,12,14,
25.6097561,9.677419355,15.05376344,12,14,
25.92592593,9.677419355,15.2173913,11,13,
26.25,9.677419355,15.38461538,11,13,
26.58227848,8.602150538,14.44444444,11,13,
26.58227848,8.602150538,14.44444444,11,13,
26.58227848,8.602150538,14.44444444,11,13,
26.58227848,8.602150538,14.44444444,11,13,
27.84810127,8.602150538,14.44444444,11,13,
27.84810127,9.677419355,15.55555556,11,13,
27.84810127,9.677419355,15.55555556,11,13,
29.11392405,10.75268817,15.55555556,11,13,
27.84810127,9.677419355,14.44444444,10,12,
27.84810127,10.75268817,14.44444444,10,12,
27.84810127,10.75268817,14.44444444,9,11,
27.84810127,10.75268817,14.44444444,9,11,
29.11392405,10.75268817,14.44444444,9,11,
29.11392405,9.677419355,14.44444444,9,11,
29.11392405,10.75268817,14.44444444,9,11,
29.11392405,10.75268817,14.44444444,9,11,
27.84810127,10.75268817,14.44444444,8,10,
27.84810127,10.75268817,14.44444444,8,10,
27.84810127,10.75268817,13.33333333,8,10,
27.84810127,10.75268817,13.33333333,8,10,
26.58227848,10.75268817,13.33333333,8,10,
26.58227848,10.75268817,13.33333333,8,10,
25.3164557,10.75268817,13.33333333,8,10,
25.3164557,10.75268817,13.33333333,8,10,
26.58227848,10.75268817,13.33333333,8,10,
26.58227848,10.75268817,13.33333333,8,10,
25.3164557,10.75268817,12.22222222,9,11,
25.3164557,10.75268817,13.33333333,9,11,
26.58227848,10.75268817,13.33333333,9,11,
27.84810127,11.82795699,14.44444444,10,12,
27.84810127,12.90322581,14.44444444,10,12,
27.84810127,12.90322581,15.55555556,10,12,
27.84810127,12.90322581,15.55555556,10,12,
27.84810127,13.97849462,15.55555556,10,12,
29.11392405,12.90322581,15.55555556,10,12,
29.11392405,13.97849462,16.66666667,9,11,
29.11392405,13.97849462,16.66666667,9,11,
29.11392405,13.97849462,17.77777778,9,11,
27.84810127,13.97849462,17.77777778,8,10,
29.11392405,13.97849462,17.77777778,8,10,
29.11392405,13.97849462,17.77777778,8,10,
29.11392405,13.97849462,17.77777778,8,10,
30.37974684,13.97849462,17.77777778,8,10,
31.64556962,13.97849462,17.77777778,8,10,
31.64556962,13.97849462,17.77777778,8,10,
30.37974684,13.97849462,17.77777778,8,10,
29.11392405,13.97849462,17.77777778,8,10,
30.37974684,15.05376344,17.77777778,8,10,
29.11392405,16.12903226,17.77777778,8,10,
27.84810127,16.12903226,17.77777778,8,10,
29.11392405,16.12903226,17.77777778,8,10,
30.37974684,16.12903226,17.77777778,7,9,
29.11392405,16.12903226,17.77777778,7,9,
29.11392405,17.20430108,17.77777778,7,9,
30.37974684,18.27956989,16.66666667,6,8,
31.64556962,18.27956989,16.66666667,6,8,